11/08/2023 08:00,London Brixton,Betty Macpartland,Regular Speciality Tea - Earl Grey - 1.30,1.3,CARD,8397043311718676
11/08/2023 08:00,London Brixton,Robert Miller,"Large Espresso - 1.80, Regular Frappes - Strawberries & Cream - 2.75",4.55,CARD,3697416231643538
11/08/2023 08:01,London Brixton,Evangelina Issac,"Large Speciality Tea - Earl Grey - 1.60, Regular Smoothies - Carrot Kick - 2.00",3.6,CARD,2248158148077610
11/08/2023 08:02,London Brixton,Eric Carkhuff,Regular Speciality Tea - Earl Grey - 1.30,1.3,CARD,9607812105041569
11/08/2023 08:03,London Brixton,Viola Duncan,Large Espresso - 1.80,1.8,CARD,7608952785818052
11/08/2023 08:04,London Brixton,Bryan Urbancic,"Large Iced americano - 2.50, Regular Frappes - Strawberries & Cream - 2.75, Regular Smoothies - Carrot Kick - 2.00, Regular Iced americano - 2.15, Large Smoothies - Glowing Greens - 2.50",11.9,CARD,1430870595222131
11/08/2023 08:05,London Brixton,Ronald Rhodes,"Regular Smoothies - Glowing Greens - 2.00, Regular Speciality Tea - Earl Grey - 1.30, Regular Speciality Tea - Earl Grey - 1.30",4.6,CASH,
11/08/2023 08:06,London Brixton,Tanya Thomas,"Regular Espresso - 1.50, Large Cappuccino - 2.45, Large Cappuccino - 2.45, Large Iced americano - 2.50, Regular Speciality Tea - Earl Grey - 1.30",10.2,CARD,5324964410863898
11/08/2023 08:07,London Brixton,John Castro,"Large Smoothies - Carrot Kick - 2.50, Regular Espresso - 1.50",4.0,CASH,
11/08/2023 08:08,London Brixton,Michael Woody,Regular Frappes - Strawberries & Cream - 2.75,2.75,CASH,
11/08/2023 08:09,London Brixton,Walter Lafond,"Regular Iced americano - 2.15, Regular Smoothies - Carrot Kick - 2.00, Large Iced americano - 2.50",6.65,CARD,9197787342139461
11/08/2023 08:10,London Brixton,Shirley Camren,"Regular Iced americano - 2.15, Regular Cappuccino - 2.15, Regular Hot chocolate - 2.20, Large Iced americano - 2.50, Large Smoothies - Carrot Kick - 2.50",11.5,CARD,5242064635557741
11/08/2023 08:11,London Brixton,Jennifer Thurston,"Regular Speciality Tea - Earl Grey - 1.30, Large Iced americano - 2.50, Regular Speciality Tea - Earl Grey - 1.30, Regular Speciality Tea - Earl Grey - 1.30",6.4,CARD,8688779022803566
11/08/2023 08:12,London Brixton,Anna Fernandez,"Large Cappuccino - 2.45, Regular Hot chocolate - 2.20",4.65,CARD,4150630878286970
11/08/2023 08:13,London Brixton,Claudine Smith,Large Cappuccino - 2.45,2.45,CARD,7243067420985196
11/08/2023 08:14,London Brixton,Oralia Castillo,"Regular Frappes - Strawberries & Cream - 2.75, Regular Cappuccino - 2.15, Large Speciality Tea - Earl Grey - 1.60, Regular Iced americano - 2.15",8.65,CARD,8229041441085615
11/08/2023 08:15,London Brixton,Dusty Jiron,"Regular Smoothies - Carrot Kick - 2.00, Large Iced americano - 2.50",4.5,CARD,8841598872251584
11/08/2023 08:16,London Brixton,Charles Duggar,"Large Hot chocolate - 2.90, Large Frappes - Strawberries & Cream - 3.25",6.15,CASH,
11/08/2023 08:17,London Brixton,Violet Downs,Regular Speciality Tea - Earl Grey - 1.30,1.3,CARD,9429506080357711
11/08/2023 08:18,London Brixton,Mellissa Laguna,"Regular Hot chocolate - 2.20, Regular Iced americano - 2.15, Regular Frappes - Strawberries & Cream - 2.75, Large Frappes - Strawberries & Cream - 3.25, Large Smoothies - Carrot Kick - 2.50",12.85,CARD,7598558000306172
11/08/2023 08:19,London Brixton,Elizabeth Siegel,"Large Hot chocolate - 2.90, Large Hot chocolate - 2.90, Regular Espresso - 1.50, Regular Speciality Tea - Earl Grey - 1.30",8.6,CARD,7843818701700987
11/08/2023 08:20,London Brixton,Somer Layne,"Regular Iced americano - 2.15, Large Espresso - 1.80, Large Espresso - 1.80",5.75,CARD,4830805163888345
11/08/2023 08:21,London Brixton,Stephanie Hammons,"Regular Smoothies - Carrot Kick - 2.00, Large Frappes - Strawberries & Cream - 3.25, Large Frappes - Strawberries & Cream - 3.25",8.5,CARD,8121636705245442
11/08/2023 08:22,London Brixton,Christina Huber,Regular Iced americano - 2.15,2.15,CARD,1078722516810857
11/08/2023 08:23,London Brixton,Ruben Bos,Regular Speciality Tea - Earl Grey - 1.30,1.3,CASH,
11/08/2023 08:24,London Brixton,Eugene Leavitt,"Large Iced americano - 2.50, Large Smoothies - Glowing Greens - 2.50, Large Hot chocolate - 2.90, Regular Espresso - 1.50",9.4,CASH,
11/08/2023 08:25,London Brixton,Judith Galbreath,"Regular Iced americano - 2.15, Large Speciality Tea - Earl Grey - 1.60, Regular Frappes - Strawberries & Cream - 2.75",6.5,CARD,8701884343765606
11/08/2023 08:26,London Brixton,Steven Marx,"Large Espresso - 1.80, Large Espresso - 1.80, Large Smoothies - Carrot Kick - 2.50",6.1,CARD,1086768707677476
11/08/2023 08:27,London Brixton,Juan Holloway,"Large Smoothies - Carrot Kick - 2.50, Regular Espresso - 1.50, Regular Speciality Tea - Earl Grey - 1.30, Large Iced americano - 2.50",7.8,CARD,3902956889451866
11/08/2023 08:28,London Brixton,Christopher Gibbs,"Large Frappes - Strawberries & Cream - 3.25, Regular Cappuccino - 2.15",5.4,CARD,5241257043405926
11/08/2023 08:29,London Brixton,Ernesto Smith,"Regular Iced americano - 2.15, Large Speciality Tea - Earl Grey - 1.60",3.75,CARD,9013939045684360
11/08/2023 08:30,London Brixton,Michael Honaker,Regular Hot chocolate - 2.20,2.2,CARD,8190411898666243
11/08/2023 08:31,London Brixton,Roberta Whitley,Large Cappuccino - 2.45,2.45,CASH,
11/08/2023 08:32,London Brixton,Kimberly Bergman,"Regular Frappes - Strawberries & Cream - 2.75, Regular Espresso - 1.50, Regular Espresso - 1.50, Regular Cappuccino - 2.15, Large Hot chocolate - 2.90",10.8,CARD,1342457609252150
11/08/2023 08:33,London Brixton,Ronald Belliveau,"Regular Frappes - Strawberries & Cream - 2.75, Large Frappes - Strawberries & Cream - 3.25, Large Smoothies - Glowing Greens - 2.50",8.5,CARD,5511986228117982
11/08/2023 08:34,London Brixton,Yvonne Laurence,Regular Hot chocolate - 2.20,2.2,CASH,
11/08/2023 08:35,London Brixton,Alma Franco,"Regular Smoothies - Glowing Greens - 2.00, Regular Speciality Tea - Earl Grey - 1.30, Large Cappuccino - 2.45",5.75,CARD,4694463458105059
11/08/2023 08:36,London Brixton,Joseph Key,"Large Speciality Tea - Earl Grey - 1.60, Regular Iced americano - 2.15, Regular Smoothies - Carrot Kick - 2.00, Regular Frappes - Strawberries & Cream - 2.75, Regular Speciality Tea - Earl Grey - 1.30",9.8,CASH,
11/08/2023 08:37,London Brixton,Sonia Westmoreland,"Regular Iced americano - 2.15, Large Cappuccino - 2.45, Large Speciality Tea - Earl Grey - 1.60",6.2,CASH,
11/08/2023 08:38,London Brixton,Francis Payson,"Large Speciality Tea - Earl Grey - 1.60, Large Smoothies - Carrot Kick - 2.50, Regular Frappes - Strawberries & Cream - 2.75, Regular Iced americano - 2.15",9.0,CARD,8181760062613544
11/08/2023 08:39,London Brixton,Mitchell Newton,Large Iced americano - 2.50,2.5,CARD,5192537586995453
11/08/2023 08:40,London Brixton,Lila Kader,Large Smoothies - Glowing Greens - 2.50,2.5,CARD,5494499620249686
11/08/2023 08:41,London Brixton,Carol Ohanlon,"Regular Hot chocolate - 2.20, Large Espresso - 1.80, Regular Smoothies - Glowing Greens - 2.00",6.0,CARD,8395534508946328
11/08/2023 08:42,London Brixton,Arthur Ray,Regular Espresso - 1.50,1.5,CARD,5061995693999575
11/08/2023 08:43,London Brixton,Jacqueline Smith,"Large Smoothies - Carrot Kick - 2.50, Large Hot chocolate - 2.90",5.4,CARD,4963095016183420
11/08/2023 08:44,London Brixton,Carolyn Burton,"Large Smoothies - Glowing Greens - 2.50, Regular Iced americano - 2.15",4.65,CASH,
11/08/2023 08:45,London Brixton,Royal George,Regular Speciality Tea - Earl Grey - 1.30,1.3,CASH,
11/08/2023 08:46,London Brixton,Alecia Bowman,"Large Smoothies - Carrot Kick - 2.50, Regular Frappes - Strawberries & Cream - 2.75, Large Smoothies - Carrot Kick - 2.50, Large Smoothies - Glowing Greens - 2.50, Regular Smoothies - Carrot Kick - 2.00",12.25,CARD,8755120856827851
11/08/2023 08:47,London Brixton,Steven Harrison,"Large Espresso - 1.80, Large Smoothies - Glowing Greens - 2.50, Large Smoothies - Carrot Kick - 2.50, Regular Espresso - 1.50, Large Frappes - Strawberries & Cream - 3.25",11.55,CARD,9618624539077821
11/08/2023 08:48,London Brixton,Carl Harrison,Large Espresso - 1.80,1.8,CARD,6679975018511765
11/08/2023 08:49,London Brixton,Barbara Ford,"Large Hot chocolate - 2.90, Large Hot chocolate - 2.90, Large Frappes - Strawberries & Cream - 3.25, Regular Iced americano - 2.15, Large Iced americano - 2.50",13.7,CARD,4375194153475698
11/08/2023 08:50,London Brixton,Randall Hise,Large Hot chocolate - 2.90,2.9,CARD,4145916549459044
11/08/2023 08:51,London Brixton,Shayne Alarcon,"Large Hot chocolate - 2.90, Large Cappuccino - 2.45, Regular Hot chocolate - 2.20",7.55,CARD,2319459550576324
11/08/2023 08:52,London Brixton,Kelly Armbruster,"Regular Iced americano - 2.15, Regular Cappuccino - 2.15, Regular Hot chocolate - 2.20, Regular Espresso - 1.50, Large Hot chocolate - 2.90",10.9,CARD,7126449699849889
11/08/2023 08:53,London Brixton,Wesley Spear,Large Frappes - Strawberries & Cream - 3.25,3.25,CARD,7901552833434749
11/08/2023 08:54,London Brixton,Frances Thompson,"Large Espresso - 1.80, Regular Smoothies - Carrot Kick - 2.00, Large Cappuccino - 2.45",6.25,CASH,
11/08/2023 08:55,London Brixton,Chad Lauritsen,"Regular Hot chocolate - 2.20, Large Smoothies - Glowing Greens - 2.50, Large Smoothies - Carrot Kick - 2.50, Regular Cappuccino - 2.15, Regular Smoothies - Carrot Kick - 2.00",11.35,CARD,6858267853637489
11/08/2023 08:56,London Brixton,Estelle Henderson,Regular Smoothies - Glowing Greens - 2.00,2.0,CASH,
11/08/2023 08:57,London Brixton,Lauren Matthews,"Large Espresso - 1.80, Large Espresso - 1.80, Large Frappes - Strawberries & Cream - 3.25",6.85,CARD,7124380379140000
11/08/2023 08:58,London Brixton,Suzanne Keene,"Regular Speciality Tea - Earl Grey - 1.30, Regular Smoothies - Glowing Greens - 2.00",3.3,CASH,
11/08/2023 08:59,London Brixton,Kenneth Dotson,"Regular Hot chocolate - 2.20, Regular Espresso - 1.50",3.7,CASH,
11/08/2023 08:59,London Brixton,Paul Johnson,"Regular Espresso - 1.50, Regular Frappes - Strawberries & Cream - 2.75, Large Smoothies - Carrot Kick - 2.50, Regular Espresso - 1.50, Large Smoothies - Carrot Kick - 2.50, Large Espresso - 1.80",12.55,CARD,8301975595558162
11/08/2023 09:00,London Brixton,Mary Hunter,Regular Espresso - 1.50,1.5,CARD,1807430252067406
11/08/2023 09:02,London Brixton,Elsie Harpster,"Large Hot chocolate - 2.90, Regular Cappuccino - 2.15",5.05,CARD,7699418833180933
11/08/2023 09:03,London Brixton,Krista Abernathy,"Large Speciality Tea - Earl Grey - 1.60, Regular Smoothies - Glowing Greens - 2.00",3.6,CARD,3654145221928524
11/08/2023 09:04,London Brixton,Kelly Echeverria,"Regular Speciality Tea - Earl Grey - 1.30, Large Hot chocolate - 2.90, Large Speciality Tea - Earl Grey - 1.60",5.8,CARD,7088303247044718
11/08/2023 09:05,London Brixton,Angela Ruiz,Regular Hot chocolate - 2.20,2.2,CARD,7379020861222340
11/08/2023 09:06,London Brixton,Charles Gutierrez,Large Iced americano - 2.50,2.5,CARD,1197070807948823
11/08/2023 09:07,London Brixton,Ashley Reed,"Large Hot chocolate - 2.90, Large Frappes - Strawberries & Cream - 3.25",6.15,CARD,5349149724321038
11/08/2023 09:09,London Brixton,Abram Caylor,Large Smoothies - Glowing Greens - 2.50,2.5,CASH,
11/08/2023 09:10,London Brixton,Norma Lee,"Regular Smoothies - Carrot Kick - 2.00, Regular Speciality Tea - Earl Grey - 1.30, Large Cappuccino - 2.45",5.75,CASH,
11/08/2023 09:11,London Brixton,Patricia Williams,"Large Iced americano - 2.50, Large Hot chocolate - 2.90, Large Speciality Tea - Earl Grey - 1.60, Large Espresso - 1.80",8.8,CARD,5696741749735778
11/08/2023 09:12,London Brixton,Arlene Brieno,"Regular Cappuccino - 2.15, Regular Speciality Tea - Earl Grey - 1.30",3.45,CARD,2408405622831376
11/08/2023 09:13,London Brixton,Sanford Salisbury,"Large Speciality Tea - Earl Grey - 1.60, Regular Smoothies - Carrot Kick - 2.00, Regular Espresso - 1.50",5.1,CARD,3184725352321752
11/08/2023 09:14,London Brixton,Michael Faron,"Large Hot chocolate - 2.90, Large Espresso - 1.80",4.7,CASH,
11/08/2023 09:16,London Brixton,Daryl Leal,"Regular Iced americano - 2.15, Regular Smoothies - Glowing Greens - 2.00, Large Smoothies - Carrot Kick - 2.50, Large Smoothies - Glowing Greens - 2.50, Regular Iced americano - 2.15",11.3,CARD,3897907267606285
11/08/2023 09:17,London Brixton,Ronny Jordan,"Large Cappuccino - 2.45, Large Cappuccino - 2.45, Regular Smoothies - Glowing Greens - 2.00, Large Speciality Tea - Earl Grey - 1.60",8.5,CASH,
11/08/2023 09:18,London Brixton,Manuel Grant,"Large Speciality Tea - Earl Grey - 1.60, Large Smoothies - Carrot Kick - 2.50",4.1,CARD,2233738814153050
11/08/2023 09:19,London Brixton,David Pickering,"Large Speciality Tea - Earl Grey - 1.60, Large Espresso - 1.80, Large Hot chocolate - 2.90",6.3,CARD,8767342734221973
11/08/2023 09:20,London Brixton,Gary Hunt,"Large Espresso - 1.80, Large Cappuccino - 2.45, Regular Speciality Tea - Earl Grey - 1.30",5.55,CARD,7048652449836842
11/08/2023 09:21,London Brixton,Sara Valdes,"Large Smoothies - Carrot Kick - 2.50, Regular Smoothies - Glowing Greens - 2.00, Regular Iced americano - 2.15",6.65,CARD,6055678596705065
11/08/2023 09:23,London Brixton,Afton Barrett,"Large Smoothies - Carrot Kick - 2.50, Regular Smoothies - Glowing Greens - 2.00, Regular Smoothies - Carrot Kick - 2.00",6.5,CARD,9811318707882259
11/08/2023 09:24,London Brixton,Judith Hogg,"Large Frappes - Strawberries & Cream - 3.25, Regular Frappes - Strawberries & Cream - 2.75, Regular Cappuccino - 2.15",8.15,CARD,4660826620851500
11/08/2023 09:25,London Brixton,Carlton Montgomery,Regular Espresso - 1.50,1.5,CARD,3837251909958280
11/08/2023 09:26,London Brixton,Donna Boehme,Regular Espresso - 1.50,1.5,CASH,
11/08/2023 09:27,London Brixton,Charles Libby,Large Hot chocolate - 2.90,2.9,CASH,
11/08/2023 09:28,London Brixton,Rusty Sweet,"Large Iced americano - 2.50, Large Smoothies - Carrot Kick - 2.50, Regular Cappuccino - 2.15, Large Cappuccino - 2.45",9.6,CARD,9485525487050168
11/08/2023 09:30,London Brixton,Inez Mcnair,Large Speciality Tea - Earl Grey - 1.60,1.6,CARD,3185451630802469
11/08/2023 09:31,London Brixton,Julie Gonzalez,"Large Espresso - 1.80, Large Cappuccino - 2.45",4.25,CARD,6278503318745510
11/08/2023 09:32,London Brixton,Lucas Obrien,"Large Espresso - 1.80, Large Cappuccino - 2.45, Large Iced americano - 2.50",6.75,CARD,4049791301345149
11/08/2023 09:33,London Brixton,Brent Turner,"Large Smoothies - Carrot Kick - 2.50, Regular Speciality Tea - Earl Grey - 1.30, Large Hot chocolate - 2.90",6.7,CARD,7954381555505126
11/08/2023 09:34,London Brixton,David Beddingfield,"Regular Speciality Tea - Earl Grey - 1.30, Regular Hot chocolate - 2.20",3.5,CASH,
11/08/2023 09:35,London Brixton,Sarah Mcdaniel,Large Smoothies - Glowing Greens - 2.50,2.5,CARD,4631089751065978
11/08/2023 09:37,London Brixton,James Barr,"Large Iced americano - 2.50, Large Cappuccino - 2.45, Regular Iced americano - 2.15, Regular Espresso - 1.50",8.6,CARD,7503842362625540
11/08/2023 09:38,London Brixton,Terrence Ellis,"Large Smoothies - Carrot Kick - 2.50, Large Espresso - 1.80",4.3,CARD,2262962142366621
11/08/2023 09:39,London Brixton,Jerry Friedly,"Regular Cappuccino - 2.15, Large Smoothies - Glowing Greens - 2.50, Regular Hot chocolate - 2.20, Large Cappuccino - 2.45",9.3,CARD,3888478149943557
11/08/2023 09:40,London Brixton,Tanya Byrd,"Regular Iced americano - 2.15, Large Espresso - 1.80, Large Espresso - 1.80, Regular Iced americano - 2.15, Large Iced americano - 2.50, Regular Speciality Tea - Earl Grey - 1.30",11.7,CASH,
11/08/2023 09:41,London Brixton,Joy Brown,"Regular Iced americano - 2.15, Large Speciality Tea - Earl Grey - 1.60, Regular Espresso - 1.50, Regular Iced americano - 2.15, Regular Iced americano - 2.15, Regular Frappes - Strawberries & Cream - 2.75",12.3,CARD,2691213490927801
11/08/2023 09:42,London Brixton,Anthony Cordova,"Large Frappes - Strawberries & Cream - 3.25, Regular Smoothies - Carrot Kick - 2.00, Regular Smoothies - Carrot Kick - 2.00",7.25,CARD,1335985023489779
11/08/2023 09:44,London Brixton,James Lasure,"Large Speciality Tea - Earl Grey - 1.60, Large Speciality Tea - Earl Grey - 1.60, Large Speciality Tea - Earl Grey - 1.60",4.8,CASH,
11/08/2023 09:45,London Brixton,Louis Wilkins,"Large Smoothies - Glowing Greens - 2.50, Regular Speciality Tea - Earl Grey - 1.30, Large Cappuccino - 2.45, Large Smoothies - Glowing Greens - 2.50, Large Hot chocolate - 2.90, Regular Speciality Tea - Earl Grey - 1.30",12.95,CARD,5121497983512279
11/08/2023 09:46,London Brixton,Rebecca Maldonado,"Large Smoothies - Glowing Greens - 2.50, Regular Speciality Tea - Earl Grey - 1.30",3.8,CARD,8016409639174125
11/08/2023 09:47,London Brixton,Charles Gilbert,Regular Frappes - Strawberries & Cream - 2.75,2.75,CASH,
11/08/2023 09:48,London Brixton,Patricia Mccary,"Regular Iced americano - 2.15, Regular Iced americano - 2.15, Regular Frappes - Strawberries & Cream - 2.75, Large Espresso - 1.80, Regular Hot chocolate - 2.20, Large Frappes - Strawberries & Cream - 3.25",14.3,CARD,8420483305023263
11/08/2023 09:49,London Brixton,Rene Straugh,"Large Iced americano - 2.50, Regular Frappes - Strawberries & Cream - 2.75",5.25,CARD,6905680674231206
11/08/2023 09:51,London Brixton,John Rangel,Regular Cappuccino - 2.15,2.15,CARD,3924898456710239
11/08/2023 09:52,London Brixton,Ethel Stollings,"Large Speciality Tea - Earl Grey - 1.60, Large Smoothies - Glowing Greens - 2.50",4.1,CARD,9575940102752274
11/08/2023 09:53,London Brixton,Gail Harris,"Large Speciality Tea - Earl Grey - 1.60, Regular Cappuccino - 2.15, Large Speciality Tea - Earl Grey - 1.60",5.35,CARD,4831170887400613
11/08/2023 09:54,London Brixton,Aimee Bolton,"Large Frappes - Strawberries & Cream - 3.25, Regular Speciality Tea - Earl Grey - 1.30, Regular Iced americano - 2.15",6.7,CARD,1939194454019126
11/08/2023 09:55,London Brixton,Karolyn Joseph,"Large Hot chocolate - 2.90, Large Espresso - 1.80, Regular Hot chocolate - 2.20",6.9,CASH,
11/08/2023 09:56,London Brixton,Donald Biltz,Large Iced americano - 2.50,2.5,CARD,2953810908729520
11/08/2023 09:58,London Brixton,Jordan Shepard,"Regular Espresso - 1.50, Large Hot chocolate - 2.90, Regular Cappuccino - 2.15, Large Smoothies - Glowing Greens - 2.50, Large Iced americano - 2.50",11.55,CASH,
11/08/2023 09:59,London Brixton,James Quintanilla,"Regular Espresso - 1.50, Regular Cappuccino - 2.15, Large Frappes - Strawberries & Cream - 3.25",6.9,CARD,6092659980039413
11/08/2023 10:00,London Brixton,Rene Terkelsen,Regular Smoothies - Carrot Kick - 2.00,2.0,CASH,
11/08/2023 10:01,London Brixton,John Streller,Large Speciality Tea - Earl Grey - 1.60,1.6,CASH,
11/08/2023 10:02,London Brixton,Shawn Payne,Large Hot chocolate - 2.90,2.9,CASH,
11/08/2023 10:03,London Brixton,Rhoda Caspari,Regular Espresso - 1.50,1.5,CARD,1596904257400904
11/08/2023 10:05,London Brixton,Justin Sharp,"Regular Cappuccino - 2.15, Large Smoothies - Glowing Greens - 2.50, Large Espresso - 1.80, Large Speciality Tea - Earl Grey - 1.60, Large Hot chocolate - 2.90",10.95,CARD,6862540531739196
11/08/2023 10:06,London Brixton,Alfred Cortez,"Regular Hot chocolate - 2.20, Regular Iced americano - 2.15, Regular Speciality Tea - Earl Grey - 1.30",5.65,CASH,
11/08/2023 10:07,London Brixton,Maria Stokes,"Regular Iced americano - 2.15, Regular Smoothies - Glowing Greens - 2.00",4.15,CARD,8980679040306236
11/08/2023 10:08,London Brixton,William Bastianelli,"Large Cappuccino - 2.45, Large Smoothies - Carrot Kick - 2.50, Regular Cappuccino - 2.15, Large Speciality Tea - Earl Grey - 1.60",8.7,CASH,
11/08/2023 10:09,London Brixton,Cathy Patterson,"Regular Smoothies - Glowing Greens - 2.00, Regular Frappes - Strawberries & Cream - 2.75, Large Speciality Tea - Earl Grey - 1.60",6.35,CARD,4680200698209470
11/08/2023 10:10,London Brixton,Jeanne Valdez,Large Hot chocolate - 2.90,2.9,CARD,4334852826840792
11/08/2023 10:12,London Brixton,Stella Carter,"Large Iced americano - 2.50, Regular Frappes - Strawberries & Cream - 2.75, Regular Espresso - 1.50, Large Smoothies - Glowing Greens - 2.50",9.25,CASH,
11/08/2023 10:13,London Brixton,Jean Church,Large Iced americano - 2.50,2.5,CARD,2353815718544711
11/08/2023 10:14,London Brixton,Clarence Low,"Large Smoothies - Carrot Kick - 2.50, Regular Cappuccino - 2.15, Large Hot chocolate - 2.90",7.55,CARD,6826679480411760
11/08/2023 10:15,London Brixton,Keith Knott,Large Iced americano - 2.50,2.5,CARD,6818018012933288
11/08/2023 10:16,London Brixton,Adrian Wenz,"Large Smoothies - Glowing Greens - 2.50, Regular Smoothies - Carrot Kick - 2.00, Regular Cappuccino - 2.15",6.65,CARD,6152334363291382
11/08/2023 10:17,London Brixton,Michael Grier,Large Speciality Tea - Earl Grey - 1.60,1.6,CARD,5101622697531185
11/08/2023 10:19,London Brixton,Jessica Catalan,"Regular Speciality Tea - Earl Grey - 1.30, Regular Cappuccino - 2.15",3.45,CASH,
11/08/2023 10:20,London Brixton,Donald Warren,"Large Frappes - Strawberries & Cream - 3.25, Large Speciality Tea - Earl Grey - 1.60, Large Hot chocolate - 2.90, Large Iced americano - 2.50",10.25,CARD,6030402728811547
11/08/2023 10:21,London Brixton,Earnest Newton,Large Speciality Tea - Earl Grey - 1.60,1.6,CARD,9818302876459929
11/08/2023 10:22,London Brixton,Florence Kim,"Regular Iced americano - 2.15, Large Iced americano - 2.50",4.65,CARD,2329829042108673
11/08/2023 10:23,London Brixton,Bertha Pospisil,"Large Iced americano - 2.50, Regular Hot chocolate - 2.20",4.7,CARD,4210250847965778
11/08/2023 10:24,London Brixton,David Gallegos,"Regular Hot chocolate - 2.20, Regular Cappuccino - 2.15",4.35,CARD,8817033559487120
11/08/2023 10:26,London Brixton,Peggy Beauregard,"Large Speciality Tea - Earl Grey - 1.60, Large Cappuccino - 2.45, Large Espresso - 1.80",5.85,CARD,5481361384616157
11/08/2023 10:27,London Brixton,Ronald Jones,Regular Espresso - 1.50,1.5,CASH,
11/08/2023 10:28,London Brixton,Pamela French,Large Iced americano - 2.50,2.5,CARD,3698376908054260
11/08/2023 10:29,London Brixton,Richard Wagner,"Regular Smoothies - Carrot Kick - 2.00, Regular Speciality Tea - Earl Grey - 1.30, Regular Frappes - Strawberries & Cream - 2.75",6.05,CARD,1675181365548169
11/08/2023 10:30,London Brixton,Brandy Crawford,"Regular Speciality Tea - Earl Grey - 1.30, Large Smoothies - Glowing Greens - 2.50, Large Iced americano - 2.50",6.3,CASH,
11/08/2023 10:31,London Brixton,Doris Clasby,"Large Smoothies - Glowing Greens - 2.50, Regular Speciality Tea - Earl Grey - 1.30, Regular Smoothies - Carrot Kick - 2.00, Regular Frappes - Strawberries & Cream - 2.75",8.55,CASH,
11/08/2023 10:33,London Brixton,Deborah Worthing,"Regular Iced americano - 2.15, Regular Espresso - 1.50, Regular Iced americano - 2.15, Regular Cappuccino - 2.15",7.95,CARD,3787542928274465
11/08/2023 10:34,London Brixton,Douglass Slonaker,"Large Smoothies - Glowing Greens - 2.50, Regular Espresso - 1.50, Large Smoothies - Glowing Greens - 2.50, Regular Espresso - 1.50, Regular Frappes - Strawberries & Cream - 2.75",10.75,CARD,3367199400457557
11/08/2023 10:35,London Brixton,Cynthia Canpos,"Regular Frappes - Strawberries & Cream - 2.75, Large Hot chocolate - 2.90, Regular Cappuccino - 2.15, Regular Hot chocolate - 2.20, Regular Iced americano - 2.15",12.15,CARD,8066166260108935
11/08/2023 10:36,London Brixton,Samuel Hughes,"Large Cappuccino - 2.45, Large Smoothies - Carrot Kick - 2.50",4.95,CASH,
11/08/2023 10:37,London Brixton,Gloria Smith,"Regular Smoothies - Carrot Kick - 2.00, Large Cappuccino - 2.45",4.45,CARD,9258709354620333
11/08/2023 10:38,London Brixton,Judy Robbins,Regular Cappuccino - 2.15,2.15,CASH,
11/08/2023 10:40,London Brixton,James Bialczyk,"Regular Hot chocolate - 2.20, Large Iced americano - 2.50, Regular Smoothies - Glowing Greens - 2.00, Large Hot chocolate - 2.90, Large Hot chocolate - 2.90",12.5,CARD,6909010924723633
11/08/2023 10:41,London Brixton,Tina James,"Regular Speciality Tea - Earl Grey - 1.30, Large Espresso - 1.80, Regular Smoothies - Glowing Greens - 2.00, Regular Espresso - 1.50, Regular Frappes - Strawberries & Cream - 2.75, Large Iced americano - 2.50",11.85,CASH,
11/08/2023 10:42,London Brixton,Orville Salling,"Large Speciality Tea - Earl Grey - 1.60, Large Iced americano - 2.50",4.1,CARD,3975897924655561
11/08/2023 10:43,London Brixton,Helene Steven,"Regular Iced americano - 2.15, Regular Speciality Tea - Earl Grey - 1.30, Regular Smoothies - Carrot Kick - 2.00",5.45,CASH,
11/08/2023 10:44,London Brixton,Frank Ripley,"Large Iced americano - 2.50, Regular Hot chocolate - 2.20, Regular Hot chocolate - 2.20, Regular Iced americano - 2.15, Regular Iced americano - 2.15",11.2,CARD,3566813597585752
11/08/2023 10:45,London Brixton,Tiffanie Laur,"Regular Iced americano - 2.15, Regular Cappuccino - 2.15, Regular Speciality Tea - Earl Grey - 1.30, Large Smoothies - Glowing Greens - 2.50",8.1,CARD,1285023579415407
11/08/2023 10:47,London Brixton,Todd Wallander,"Large Smoothies - Glowing Greens - 2.50, Regular Smoothies - Glowing Greens - 2.00, Large Speciality Tea - Earl Grey - 1.60, Large Smoothies - Glowing Greens - 2.50, Large Hot chocolate - 2.90",11.5,CASH,
11/08/2023 10:48,London Brixton,Mary Everett,Large Smoothies - Carrot Kick - 2.50,2.5,CARD,6333692269267097
11/08/2023 10:49,London Brixton,Mary Mattione,Regular Hot chocolate - 2.20,2.2,CASH,
11/08/2023 10:50,London Brixton,Julie Alfred,"Large Cappuccino - 2.45, Regular Smoothies - Carrot Kick - 2.00, Large Smoothies - Glowing Greens - 2.50, Regular Speciality Tea - Earl Grey - 1.30",8.25,CASH,
11/08/2023 10:51,London Brixton,Jason Miller,"Regular Frappes - Strawberries & Cream - 2.75, Regular Iced americano - 2.15, Regular Speciality Tea - Earl Grey - 1.30, Large Hot chocolate - 2.90, Large Speciality Tea - Earl Grey - 1.60",10.7,CARD,4778312458301821
11/08/2023 10:52,London Brixton,Selma Speller,"Regular Cappuccino - 2.15, Regular Cappuccino - 2.15, Large Iced americano - 2.50, Regular Smoothies - Glowing Greens - 2.00, Regular Espresso - 1.50",10.3,CASH,
11/08/2023 10:54,London Brixton,Ryan Gant,"Regular Cappuccino - 2.15, Large Espresso - 1.80, Regular Iced americano - 2.15",6.1,CARD,6578566226504271
11/08/2023 10:55,London Brixton,Justin Krebs,Regular Smoothies - Glowing Greens - 2.00,2.0,CARD,7631840767912225
11/08/2023 10:56,London Brixton,Marjorie White,"Regular Speciality Tea - Earl Grey - 1.30, Regular Hot chocolate - 2.20, Regular Speciality Tea - Earl Grey - 1.30",4.8,CARD,6710368179681723
11/08/2023 10:57,London Brixton,Cristina Tucker,"Large Smoothies - Glowing Greens - 2.50, Regular Frappes - Strawberries & Cream - 2.75",5.25,CARD,3960478115512868
11/08/2023 10:58,London Brixton,James Watson,"Large Cappuccino - 2.45, Regular Smoothies - Carrot Kick - 2.00, Large Iced americano - 2.50, Large Hot chocolate - 2.90",9.85,CARD,2559682052733906
11/08/2023 10:59,London Brixton,Marion Kline,"Large Cappuccino - 2.45, Large Espresso - 1.80",4.25,CASH,
11/08/2023 11:01,London Brixton,Robert Lau,"Regular Speciality Tea - Earl Grey - 1.30, Large Speciality Tea - Earl Grey - 1.60, Large Cappuccino - 2.45, Regular Smoothies - Glowing Greens - 2.00, Regular Smoothies - Carrot Kick - 2.00, Regular Smoothies - Glowing Greens - 2.00",11.35,CARD,9592581869835295
11/08/2023 11:03,London Brixton,Helen Byrd,"Regular Smoothies - Glowing Greens - 2.00, Large Cappuccino - 2.45, Regular Cappuccino - 2.15",6.6,CARD,4755335114676011
11/08/2023 11:04,London Brixton,Eulalia Wade,"Large Espresso - 1.80, Regular Cappuccino - 2.15, Large Espresso - 1.80, Regular Smoothies - Carrot Kick - 2.00, Large Smoothies - Carrot Kick - 2.50",10.25,CARD,7800903731460777
11/08/2023 11:06,London Brixton,Cathy Means,"Large Hot chocolate - 2.90, Regular Cappuccino - 2.15, Regular Speciality Tea - Earl Grey - 1.30",6.35,CASH,
11/08/2023 11:08,London Brixton,Brenda Borrego,"Large Hot chocolate - 2.90, Large Smoothies - Glowing Greens - 2.50, Regular Cappuccino - 2.15",7.55,CARD,1731940285080223
11/08/2023 11:10,London Brixton,Teresa Yelverton,Regular Speciality Tea - Earl Grey - 1.30,1.3,CASH,
11/08/2023 11:12,London Brixton,Linda Eye,"Regular Speciality Tea - Earl Grey - 1.30, Large Speciality Tea - Earl Grey - 1.60, Regular Frappes - Strawberries & Cream - 2.75",5.65,CARD,9881661620122564
11/08/2023 11:14,London Brixton,Pauline Mcbroom,"Large Speciality Tea - Earl Grey - 1.60, Regular Smoothies - Glowing Greens - 2.00",3.6,CARD,2761435026416156
11/08/2023 11:16,London Brixton,Marvin Hemphill,"Large Espresso - 1.80, Regular Smoothies - Carrot Kick - 2.00",3.8,CASH,
11/08/2023 11:17,London Brixton,Diana Johnson,"Regular Smoothies - Glowing Greens - 2.00, Large Speciality Tea - Earl Grey - 1.60",3.6,CARD,4262185678319815
11/08/2023 11:19,London Brixton,Billy Kirby,Large Smoothies - Carrot Kick - 2.50,2.5,CARD,8291528412922149
11/08/2023 11:21,London Brixton,Carole Beaman,Regular Espresso - 1.50,1.5,CASH,
11/08/2023 11:23,London Brixton,Phyllis Gottlieb,"Large Smoothies - Glowing Greens - 2.50, Regular Iced americano - 2.15",4.65,CARD,8757727782775795
11/08/2023 11:25,London Brixton,Joseph Kuykendall,"Large Hot chocolate - 2.90, Regular Smoothies - Carrot Kick - 2.00",4.9,CARD,8853667385063975
11/08/2023 11:27,London Brixton,Angela Arbogast,Large Speciality Tea - Earl Grey - 1.60,1.6,CARD,1274654746370626
11/08/2023 11:29,London Brixton,Jamie Scott,"Large Cappuccino - 2.45, Regular Espresso - 1.50, Regular Smoothies - Carrot Kick - 2.00",5.95,CASH,
11/08/2023 11:31,London Brixton,David Pinard,"Large Iced americano - 2.50, Regular Cappuccino - 2.15",4.65,CARD,3590476915405797
11/08/2023 11:32,London Brixton,Thelma Rains,"Regular Smoothies - Carrot Kick - 2.00, Regular Speciality Tea - Earl Grey - 1.30, Large Smoothies - Carrot Kick - 2.50",5.8,CASH,
11/08/2023 11:34,London Brixton,Dennis Rivera,Large Iced americano - 2.50,2.5,CARD,5451637544134456
11/08/2023 11:36,London Brixton,Helen Abreu,Large Hot chocolate - 2.90,2.9,CARD,8483819277676480
11/08/2023 11:38,London Brixton,Patricia Tartaglia,"Regular Iced americano - 2.15, Large Hot chocolate - 2.90, Regular Cappuccino - 2.15, Large Frappes - Strawberries & Cream - 3.25",10.45,CARD,4608822027433311
11/08/2023 11:40,London Brixton,Hortencia Goodwin,Large Smoothies - Glowing Greens - 2.50,2.5,CASH,
11/08/2023 11:42,London Brixton,Harry Rawls,"Regular Smoothies - Glowing Greens - 2.00, Large Speciality Tea - Earl Grey - 1.60, Regular Frappes - Strawberries & Cream - 2.75",6.35,CARD,1170409808448853
11/08/2023 11:44,London Brixton,Thomas Graham,"Regular Speciality Tea - Earl Grey - 1.30, Regular Smoothies - Glowing Greens - 2.00, Regular Espresso - 1.50, Regular Cappuccino - 2.15",6.95,CASH,
11/08/2023 11:45,London Brixton,Ruth Soileau,"Large Smoothies - Carrot Kick - 2.50, Large Hot chocolate - 2.90",5.4,CARD,3665475673854716
11/08/2023 11:47,London Brixton,Angela Martinson,"Large Speciality Tea - Earl Grey - 1.60, Regular Speciality Tea - Earl Grey - 1.30",2.9,CARD,7315086323940366
11/08/2023 11:49,London Brixton,Richard Moise,"Large Smoothies - Carrot Kick - 2.50, Regular Hot chocolate - 2.20, Regular Speciality Tea - Earl Grey - 1.30, Large Cappuccino - 2.45",8.45,CARD,2221458706074728
11/08/2023 11:51,London Brixton,Krista Eggimann,"Regular Frappes - Strawberries & Cream - 2.75, Regular Iced americano - 2.15, Regular Cappuccino - 2.15, Regular Smoothies - Carrot Kick - 2.00, Regular Iced americano - 2.15",11.2,CARD,7862545024010304
11/08/2023 11:53,London Brixton,Josefina Jackson,"Regular Smoothies - Glowing Greens - 2.00, Large Smoothies - Carrot Kick - 2.50",4.5,CARD,5256135898288415
11/08/2023 11:55,London Brixton,Willa Ridenhour,Regular Iced americano - 2.15,2.15,CARD,3029759404782402
11/08/2023 11:57,London Brixton,Christopher Carroll,Regular Speciality Tea - Earl Grey - 1.30,1.3,CARD,1956745555811714
11/08/2023 11:59,London Brixton,Harry Ortega,"Regular Frappes - Strawberries & Cream - 2.75, Regular Cappuccino - 2.15, Large Iced americano - 2.50, Regular Frappes - Strawberries & Cream - 2.75",10.15,CASH,
11/08/2023 12:00,London Brixton,Erin Yoder,"Large Hot chocolate - 2.90, Regular Smoothies - Glowing Greens - 2.00, Large Smoothies - Glowing Greens - 2.50, Large Speciality Tea - Earl Grey - 1.60, Large Smoothies - Glowing Greens - 2.50",11.5,CARD,4157689866915381
11/08/2023 12:02,London Brixton,Tyler Leta,"Regular Speciality Tea - Earl Grey - 1.30, Large Frappes - Strawberries & Cream - 3.25, Regular Speciality Tea - Earl Grey - 1.30, Large Iced americano - 2.50",8.35,CARD,6377834109123135
11/08/2023 12:04,London Brixton,Ruth Yazzie,Large Iced americano - 2.50,2.5,CARD,1496186652095786
11/08/2023 12:06,London Brixton,William Henderson,Regular Cappuccino - 2.15,2.15,CARD,4692140800363958
11/08/2023 12:08,London Brixton,Kim Pickell,"Regular Speciality Tea - Earl Grey - 1.30, Regular Smoothies - Carrot Kick - 2.00, Regular Speciality Tea - Earl Grey - 1.30, Large Smoothies - Glowing Greens - 2.50, Large Iced americano - 2.50, Large Espresso - 1.80",11.4,CARD,2707541346753318
11/08/2023 12:10,London Brixton,Florence Mick,Regular Smoothies - Glowing Greens - 2.00,2.0,CASH,
11/08/2023 12:12,London Brixton,Jennifer Blount,"Large Speciality Tea - Earl Grey - 1.60, Regular Cappuccino - 2.15",3.75,CASH,
11/08/2023 12:14,London Brixton,Alice Dean,"Large Iced americano - 2.50, Large Smoothies - Glowing Greens - 2.50, Large Hot chocolate - 2.90",7.9,CARD,4730366765186637
11/08/2023 12:16,London Brixton,Rosa Brady,"Regular Iced americano - 2.15, Regular Smoothies - Carrot Kick - 2.00",4.15,CARD,7962729578008773
11/08/2023 12:18,London Brixton,Elizabeth Carroll,Regular Iced americano - 2.15,2.15,CARD,9333677174326135
11/08/2023 12:20,London Brixton,Bryan Smith,"Regular Iced americano - 2.15, Regular Cappuccino - 2.15, Regular Espresso - 1.50, Large Iced americano - 2.50, Regular Iced americano - 2.15, Large Speciality Tea - Earl Grey - 1.60",12.05,CARD,1161661435758666
11/08/2023 12:22,London Brixton,Michael Highsmith,"Regular Speciality Tea - Earl Grey - 1.30, Large Frappes - Strawberries & Cream - 3.25, Large Cappuccino - 2.45, Large Iced americano - 2.50, Regular Cappuccino - 2.15, Regular Smoothies - Glowing Greens - 2.00",13.65,CASH,
11/08/2023 12:24,London Brixton,Jerome Rogers,"Regular Hot chocolate - 2.20, Regular Frappes - Strawberries & Cream - 2.75, Regular Speciality Tea - Earl Grey - 1.30, Large Smoothies - Glowing Greens - 2.50",8.75,CARD,5748790372118196
11/08/2023 12:26,London Brixton,Stanley Rosen,Regular Speciality Tea - Earl Grey - 1.30,1.3,CASH,
11/08/2023 12:27,London Brixton,Laura Pretti,"Large Smoothies - Carrot Kick - 2.50, Regular Iced americano - 2.15, Large Iced americano - 2.50",7.15,CASH,
11/08/2023 12:29,London Brixton,Raymond White,Large Smoothies - Glowing Greens - 2.50,2.5,CARD,1943497015024929
11/08/2023 12:31,London Brixton,Guillermo Uhlman,"Large Iced americano - 2.50, Large Smoothies - Carrot Kick - 2.50",5.0,CASH,
11/08/2023 12:33,London Brixton,Agustina Mercado,Regular Frappes - Strawberries & Cream - 2.75,2.75,CASH,
11/08/2023 12:35,London Brixton,Stanley Ellis,Regular Hot chocolate - 2.20,2.2,CASH,
11/08/2023 12:37,London Brixton,Nathaniel Bertram,"Regular Smoothies - Carrot Kick - 2.00, Regular Speciality Tea - Earl Grey - 1.30, Large Cappuccino - 2.45, Regular Frappes - Strawberries & Cream - 2.75",8.5,CARD,9928595040691868
11/08/2023 12:39,London Brixton,Darrell Starnes,"Large Cappuccino - 2.45, Regular Hot chocolate - 2.20",4.65,CASH,
11/08/2023 12:41,London Brixton,Sharon Blocker,Regular Iced americano - 2.15,2.15,CASH,
11/08/2023 12:43,London Brixton,Billy Vanwinkle,"Large Hot chocolate - 2.90, Regular Frappes - Strawberries & Cream - 2.75",5.65,CARD,3128998414557341
11/08/2023 12:45,London Brixton,Michael Zaragoza,"Regular Espresso - 1.50, Regular Frappes - Strawberries & Cream - 2.75",4.25,CARD,7091706106223573
11/08/2023 12:47,London Brixton,Michael Tran,Large Hot chocolate - 2.90,2.9,CARD,5293817567987779
11/08/2023 12:49,London Brixton,Christopher Schmidt,"Large Espresso - 1.80, Large Cappuccino - 2.45, Regular Smoothies - Carrot Kick - 2.00, Large Iced americano - 2.50",8.75,CARD,9915727073291985
11/08/2023 12:51,London Brixton,Rosario Burris,"Regular Smoothies - Carrot Kick - 2.00, Large Iced americano - 2.50, Large Espresso - 1.80",6.3,CASH,
11/08/2023 12:53,London Brixton,Patricia White,"Large Espresso - 1.80, Regular Cappuccino - 2.15, Regular Iced americano - 2.15, Regular Iced americano - 2.15, Regular Iced americano - 2.15",10.4,CASH,
11/08/2023 12:55,London Brixton,Alma Hearns,"Large Iced americano - 2.50, Large Espresso - 1.80, Large Cappuccino - 2.45",6.75,CARD,7416282661915339
11/08/2023 12:56,London Brixton,Peter Frank,"Regular Espresso - 1.50, Large Frappes - Strawberries & Cream - 3.25, Regular Speciality Tea - Earl Grey - 1.30",6.05,CASH,
11/08/2023 12:58,London Brixton,Anita Nelson,"Regular Hot chocolate - 2.20, Large Speciality Tea - Earl Grey - 1.60",3.8,CARD,5011784370353941
11/08/2023 13:00,London Brixton,Keith Fisher,"Large Frappes - Strawberries & Cream - 3.25, Regular Hot chocolate - 2.20",5.45,CASH,
11/08/2023 13:01,London Brixton,Warren Bambeck,"Large Hot chocolate - 2.90, Regular Cappuccino - 2.15, Regular Iced americano - 2.15",7.2,CARD,2230254846873826
11/08/2023 13:02,London Brixton,Alicia Harris,"Large Hot chocolate - 2.90, Large Smoothies - Glowing Greens - 2.50, Large Espresso - 1.80",7.2,CARD,6420866549848261
11/08/2023 13:03,London Brixton,John Casad,"Large Iced americano - 2.50, Large Cappuccino - 2.45, Large Cappuccino - 2.45, Regular Smoothies - Glowing Greens - 2.00",9.4,CASH,
11/08/2023 13:04,London Brixton,Kristin Buchman,Large Smoothies - Glowing Greens - 2.50,2.5,CASH,
11/08/2023 13:05,London Brixton,Felix Vick,"Large Iced americano - 2.50, Regular Smoothies - Carrot Kick - 2.00, Large Espresso - 1.80, Regular Speciality Tea - Earl Grey - 1.30, Large Iced americano - 2.50, Large Smoothies - Carrot Kick - 2.50",12.6,CASH,
11/08/2023 13:06,London Brixton,Joel Williams,"Large Frappes - Strawberries & Cream - 3.25, Large Iced americano - 2.50, Large Iced americano - 2.50, Regular Espresso - 1.50",9.75,CASH,
11/08/2023 13:07,London Brixton,Nancy Love,Large Iced americano - 2.50,2.5,CARD,4046389491722696
11/08/2023 13:08,London Brixton,Steve Clark,"Regular Hot chocolate - 2.20, Large Smoothies - Carrot Kick - 2.50",4.7,CARD,8469113831237997
11/08/2023 13:09,London Brixton,Seth Muhammad,"Large Smoothies - Glowing Greens - 2.50, Large Speciality Tea - Earl Grey - 1.60, Regular Hot chocolate - 2.20, Large Iced americano - 2.50",8.8,CASH,
11/08/2023 13:09,London Brixton,Anthony Emberling,"Regular Speciality Tea - Earl Grey - 1.30, Regular Speciality Tea - Earl Grey - 1.30",2.6,CARD,3453456199379293
11/08/2023 13:10,London Brixton,Steven Dear,"Regular Cappuccino - 2.15, Regular Iced americano - 2.15, Large Speciality Tea - Earl Grey - 1.60, Regular Smoothies - Carrot Kick - 2.00",7.9,CARD,8370635044921179
11/08/2023 13:11,London Brixton,Yvonne Keck,"Regular Iced americano - 2.15, Regular Hot chocolate - 2.20",4.35,CARD,7211057095264024
11/08/2023 13:12,London Brixton,Ronnie Casano,"Regular Hot chocolate - 2.20, Regular Smoothies - Glowing Greens - 2.00",4.2,CARD,9572287056140953
11/08/2023 13:13,London Brixton,Karlene Simmons,"Regular Hot chocolate - 2.20, Regular Smoothies - Carrot Kick - 2.00",4.2,CARD,1266623681420876
11/08/2023 13:14,London Brixton,Joel Fontanez,"Large Frappes - Strawberries & Cream - 3.25, Large Speciality Tea - Earl Grey - 1.60",4.85,CASH,
11/08/2023 13:15,London Brixton,Desiree Garner,"Large Smoothies - Glowing Greens - 2.50, Regular Espresso - 1.50",4.0,CARD,4284879244059671
11/08/2023 13:16,London Brixton,Sharon Romero,Regular Cappuccino - 2.15,2.15,CASH,
11/08/2023 13:17,London Brixton,Alicia Reed,Large Hot chocolate - 2.90,2.9,CARD,4947901304674214
11/08/2023 13:18,London Brixton,Tony Kinsey,"Large Smoothies - Carrot Kick - 2.50, Large Smoothies - Glowing Greens - 2.50",5.0,CARD,5021762502879261
11/08/2023 13:19,London Brixton,Stephanie Jackson,"Large Espresso - 1.80, Large Speciality Tea - Earl Grey - 1.60, Large Smoothies - Carrot Kick - 2.50",5.9,CARD,2957570246546817
11/08/2023 13:20,London Brixton,Judy Burns,"Regular Smoothies - Carrot Kick - 2.00, Large Speciality Tea - Earl Grey - 1.60, Large Frappes - Strawberries & Cream - 3.25, Large Espresso - 1.80",8.65,CARD,3882293254156564
11/08/2023 13:20,London Brixton,Manuel Moorman,"Large Espresso - 1.80, Large Espresso - 1.80, Large Iced americano - 2.50",6.1,CARD,7659657589981945
11/08/2023 13:21,London Brixton,Steven Weaver,Regular Iced americano - 2.15,2.15,CASH,
11/08/2023 13:22,London Brixton,John Kaufman,"Regular Speciality Tea - Earl Grey - 1.30, Regular Smoothies - Glowing Greens - 2.00",3.3,CARD,2793230030118541
11/08/2023 13:23,London Brixton,William Johnsen,"Regular Smoothies - Glowing Greens - 2.00, Regular Speciality Tea - Earl Grey - 1.30, Regular Speciality Tea - Earl Grey - 1.30",4.6,CARD,5764604746372254
11/08/2023 13:24,London Brixton,Jeane Donnelly,Regular Speciality Tea - Earl Grey - 1.30,1.3,CARD,1084806485800204
11/08/2023 13:25,London Brixton,Lesa Williams,"Regular Iced americano - 2.15, Regular Speciality Tea - Earl Grey - 1.30",3.45,CARD,2009387082101141
11/08/2023 13:26,London Brixton,Eric Fraher,Regular Smoothies - Carrot Kick - 2.00,2.0,CASH,
11/08/2023 13:27,London Brixton,Barbara Collins,Regular Speciality Tea - Earl Grey - 1.30,1.3,CARD,2765053400083130
11/08/2023 13:28,London Brixton,Cody Gillenwater,Large Iced americano - 2.50,2.5,CARD,8280923179229694
11/08/2023 13:29,London Brixton,Alan Sabin,"Large Cappuccino - 2.45, Large Smoothies - Carrot Kick - 2.50, Regular Cappuccino - 2.15, Large Smoothies - Carrot Kick - 2.50, Large Hot chocolate - 2.90, Large Smoothies - Carrot Kick - 2.50",15.0,CARD,2335997327626647
11/08/2023 13:30,London Brixton,James Parker,"Large Smoothies - Carrot Kick - 2.50, Regular Speciality Tea - Earl Grey - 1.30",3.8,CARD,6192078786759127
11/08/2023 13:31,London Brixton,Cynthia Romero,"Regular Iced americano - 2.15, Regular Speciality Tea - Earl Grey - 1.30, Regular Smoothies - Carrot Kick - 2.00",5.45,CARD,9361504298522081
11/08/2023 13:31,London Brixton,Dennis Long,"Large Cappuccino - 2.45, Regular Speciality Tea - Earl Grey - 1.30",3.75,CASH,
11/08/2023 13:32,London Brixton,Charlotte Gold,"Regular Hot chocolate - 2.20, Large Speciality Tea - Earl Grey - 1.60, Regular Cappuccino - 2.15, Regular Hot chocolate - 2.20, Large Smoothies - Carrot Kick - 2.50",10.65,CASH,
11/08/2023 13:33,London Brixton,Judith Lee,Regular Hot chocolate - 2.20,2.2,CASH,
11/08/2023 13:34,London Brixton,Kimberly Kubota,Large Cappuccino - 2.45,2.45,CARD,8235608387248025
11/08/2023 13:35,London Brixton,Paul Maynard,"Large Espresso - 1.80, Large Speciality Tea - Earl Grey - 1.60, Regular Smoothies - Carrot Kick - 2.00, Regular Frappes - Strawberries & Cream - 2.75, Regular Cappuccino - 2.15",10.3,CARD,9714222299048721
11/08/2023 13:36,London Brixton,Janet Henson,Regular Espresso - 1.50,1.5,CARD,2569740123661532
11/08/2023 13:37,London Brixton,James Muhammad,"Large Cappuccino - 2.45, Large Hot chocolate - 2.90",5.35,CARD,1699023186492665
11/08/2023 13:38,London Brixton,Shirley Bermudez,"Regular Speciality Tea - Earl Grey - 1.30, Large Hot chocolate - 2.90",4.2,CARD,7560107967639570
11/08/2023 13:39,London Brixton,Deborah Stokes,"Large Frappes - Strawberries & Cream - 3.25, Regular Smoothies - Carrot Kick - 2.00, Large Iced americano - 2.50, Regular Speciality Tea - Earl Grey - 1.30",9.05,CARD,8775162696293750
11/08/2023 13:40,London Brixton,Marisa Delgado,"Regular Hot chocolate - 2.20, Regular Smoothies - Carrot Kick - 2.00, Regular Espresso - 1.50",5.7,CARD,6403954294158370
11/08/2023 13:41,London Brixton,Keith Harvey,"Large Smoothies - Carrot Kick - 2.50, Large Smoothies - Carrot Kick - 2.50, Regular Speciality Tea - Earl Grey - 1.30, Large Hot chocolate - 2.90, Large Hot chocolate - 2.90, Large Smoothies - Glowing Greens - 2.50",14.6,CARD,9408595029083069
11/08/2023 13:42,London Brixton,Leslie Workman,"Large Iced americano - 2.50, Large Smoothies - Carrot Kick - 2.50, Regular Espresso - 1.50, Large Hot chocolate - 2.90, Regular Iced americano - 2.15",11.55,CASH,
11/08/2023 13:42,London Brixton,Louise Starling,"Regular Iced americano - 2.15, Regular Smoothies - Glowing Greens - 2.00, Large Smoothies - Glowing Greens - 2.50",6.65,CASH,
11/08/2023 13:43,London Brixton,Michelle Case,"Regular Iced americano - 2.15, Regular Iced americano - 2.15",4.3,CARD,3726732800218028
11/08/2023 13:44,London Brixton,Deborah Young,"Large Smoothies - Carrot Kick - 2.50, Large Smoothies - Carrot Kick - 2.50",5.0,CARD,7416859087945188
11/08/2023 13:45,London Brixton,Jason Hurdle,Regular Smoothies - Glowing Greens - 2.00,2.0,CARD,9391476912267940
11/08/2023 13:46,London Brixton,Gretchen Looney,Regular Speciality Tea - Earl Grey - 1.30,1.3,CARD,9116203314480910
11/08/2023 13:47,London Brixton,Kim Watson,"Large Espresso - 1.80, Regular Speciality Tea - Earl Grey - 1.30",3.1,CASH,
11/08/2023 13:48,London Brixton,Joseph Nelson,Regular Speciality Tea - Earl Grey - 1.30,1.3,CARD,9143686300913691
11/08/2023 13:49,London Brixton,Michael Combs,Regular Smoothies - Carrot Kick - 2.00,2.0,CASH,
11/08/2023 13:50,London Brixton,Katherine Morris,Large Iced americano - 2.50,2.5,CARD,3804565416052351
11/08/2023 13:51,London Brixton,Brian Eison,"Large Hot chocolate - 2.90, Large Hot chocolate - 2.90, Regular Hot chocolate - 2.20, Large Hot chocolate - 2.90",10.9,CARD,8721788472446178
11/08/2023 13:52,London Brixton,Vesta Moore,Large Cappuccino - 2.45,2.45,CASH,
11/08/2023 13:53,London Brixton,Walter Brennan,"Regular Smoothies - Carrot Kick - 2.00, Large Cappuccino - 2.45, Large Speciality Tea - Earl Grey - 1.60",6.05,CARD,9186245899518060
11/08/2023 13:53,London Brixton,Terresa Guttman,"Large Espresso - 1.80, Large Iced americano - 2.50, Regular Speciality Tea - Earl Grey - 1.30, Regular Smoothies - Carrot Kick - 2.00, Regular Smoothies - Glowing Greens - 2.00, Large Speciality Tea - Earl Grey - 1.60",11.2,CARD,6329253491218089
11/08/2023 13:54,London Brixton,Glenn Hauser,"Regular Frappes - Strawberries & Cream - 2.75, Large Speciality Tea - Earl Grey - 1.60, Regular Speciality Tea - Earl Grey - 1.30, Regular Espresso - 1.50",7.15,CASH,
11/08/2023 13:55,London Brixton,Maria Zhang,"Large Cappuccino - 2.45, Regular Espresso - 1.50, Regular Cappuccino - 2.15, Large Frappes - Strawberries & Cream - 3.25, Regular Hot chocolate - 2.20",11.55,CASH,
11/08/2023 13:56,London Brixton,Cleveland Earing,"Large Cappuccino - 2.45, Large Iced americano - 2.50, Large Speciality Tea - Earl Grey - 1.60, Regular Frappes - Strawberries & Cream - 2.75, Large Smoothies - Glowing Greens - 2.50",11.8,CASH,
11/08/2023 13:57,London Brixton,Andre Capps,Regular Smoothies - Glowing Greens - 2.00,2.0,CARD,7195510590356951
11/08/2023 13:58,London Brixton,Louis Hoeck,"Large Espresso - 1.80, Regular Smoothies - Carrot Kick - 2.00, Large Speciality Tea - Earl Grey - 1.60, Regular Frappes - Strawberries & Cream - 2.75",8.15,CARD,4173852578695199
11/08/2023 13:59,London Brixton,Bennie Castillo,Regular Frappes - Strawberries & Cream - 2.75,2.75,CARD,6075390015224361
11/08/2023 14:00,London Brixton,Christopher Wanda,"Large Iced americano - 2.50, Regular Speciality Tea - Earl Grey - 1.30",3.8,CARD,1638480299413374
11/08/2023 14:01,London Brixton,Tiffany Benitez,"Large Smoothies - Glowing Greens - 2.50, Large Espresso - 1.80, Regular Hot chocolate - 2.20, Large Iced americano - 2.50, Large Frappes - Strawberries & Cream - 3.25",12.25,CASH,
11/08/2023 14:02,London Brixton,Charles Patch,"Regular Speciality Tea - Earl Grey - 1.30, Large Iced americano - 2.50, Regular Cappuccino - 2.15",5.95,CARD,2823580076839629
11/08/2023 14:03,London Brixton,Michael Tibbert,Regular Smoothies - Glowing Greens - 2.00,2.0,CARD,6555934589416462
11/08/2023 14:04,London Brixton,Matthew Smith,"Regular Cappuccino - 2.15, Large Smoothies - Glowing Greens - 2.50, Regular Frappes - Strawberries & Cream - 2.75, Regular Smoothies - Carrot Kick - 2.00",9.4,CASH,
11/08/2023 14:05,London Brixton,Don Gartman,"Regular Hot chocolate - 2.20, Large Speciality Tea - Earl Grey - 1.60, Large Hot chocolate - 2.90",6.7,CASH,
11/08/2023 14:06,London Brixton,Rick Laplante,Large Espresso - 1.80,1.8,CASH,
11/08/2023 14:07,London Brixton,Patricia Richardson,"Regular Smoothies - Carrot Kick - 2.00, Large Smoothies - Glowing Greens - 2.50, Regular Frappes - Strawberries & Cream - 2.75, Regular Hot chocolate - 2.20, Large Cappuccino - 2.45, Large Speciality Tea - Earl Grey - 1.60",13.5,CARD,2435808430416176
11/08/2023 14:08,London Brixton,Adrian Bergman,"Regular Frappes - Strawberries & Cream - 2.75, Large Espresso - 1.80, Large Speciality Tea - Earl Grey - 1.60, Large Cappuccino - 2.45",8.6,CARD,3231729372877748
11/08/2023 14:09,London Brixton,Johnny Turner,"Large Hot chocolate - 2.90, Regular Espresso - 1.50",4.4,CARD,4679034537267195
11/08/2023 14:10,London Brixton,Gonzalo Pettus,Large Iced americano - 2.50,2.5,CARD,4507609421682451
11/08/2023 14:11,London Brixton,Wilfredo Doan,"Large Hot chocolate - 2.90, Regular Smoothies - Carrot Kick - 2.00, Regular Iced americano - 2.15",7.05,CASH,
11/08/2023 14:12,London Brixton,Robert Wright,"Large Speciality Tea - Earl Grey - 1.60, Large Iced americano - 2.50, Regular Hot chocolate - 2.20",6.3,CASH,
11/08/2023 14:13,London Brixton,Linda Kirtley,Large Smoothies - Carrot Kick - 2.50,2.5,CARD,5792544141085230
11/08/2023 14:14,London Brixton,Linda Kemp,"Large Smoothies - Glowing Greens - 2.50, Regular Espresso - 1.50, Large Hot chocolate - 2.90, Large Frappes - Strawberries & Cream - 3.25, Regular Smoothies - Carrot Kick - 2.00",12.15,CASH,
11/08/2023 14:15,London Brixton,Nellie Cowels,"Large Cappuccino - 2.45, Large Cappuccino - 2.45",4.9,CARD,2260862816331534
11/08/2023 14:16,London Brixton,Katrina Howard,"Large Iced americano - 2.50, Large Cappuccino - 2.45, Regular Iced americano - 2.15",7.1,CASH,
11/08/2023 14:17,London Brixton,Michael Matthews,"Regular Espresso - 1.50, Regular Frappes - Strawberries & Cream - 2.75",4.25,CARD,9640293596346462
11/08/2023 14:18,London Brixton,Elliott Trujillo,"Large Speciality Tea - Earl Grey - 1.60, Regular Iced americano - 2.15, Regular Smoothies - Carrot Kick - 2.00",5.75,CARD,9130935712141053
11/08/2023 14:19,London Brixton,Joseph Brown,"Regular Smoothies - Glowing Greens - 2.00, Large Iced americano - 2.50",4.5,CASH,
11/08/2023 14:20,London Brixton,Keith Williams,"Regular Hot chocolate - 2.20, Regular Iced americano - 2.15",4.35,CARD,4768697867613620
11/08/2023 14:21,London Brixton,Kelly Mccoy,"Large Smoothies - Carrot Kick - 2.50, Large Iced americano - 2.50, Regular Iced americano - 2.15, Regular Espresso - 1.50",8.65,CARD,5766288367519329
11/08/2023 14:22,London Brixton,Steven Evans,Regular Speciality Tea - Earl Grey - 1.30,1.3,CARD,7637152694803288
11/08/2023 14:23,London Brixton,Charlene Crowe,Regular Hot chocolate - 2.20,2.2,CARD,8380531740191330
11/08/2023 14:23,London Brixton,Curtis Muckle,"Regular Smoothies - Glowing Greens - 2.00, Large Hot chocolate - 2.90, Large Espresso - 1.80, Regular Hot chocolate - 2.20, Regular Hot chocolate - 2.20",11.1,CARD,6859732809618347
11/08/2023 14:24,London Brixton,Betty Adell,"Large Cappuccino - 2.45, Large Smoothies - Carrot Kick - 2.50",4.95,CARD,3647545642539579
11/08/2023 14:25,London Brixton,Judith James,"Large Smoothies - Carrot Kick - 2.50, Large Smoothies - Glowing Greens - 2.50, Large Smoothies - Glowing Greens - 2.50, Regular Iced americano - 2.15",9.65,CARD,2897578837421802
11/08/2023 14:26,London Brixton,Bianca Petitt,"Regular Smoothies - Carrot Kick - 2.00, Regular Espresso - 1.50, Regular Cappuccino - 2.15",5.65,CARD,4161942843753446
11/08/2023 14:27,London Brixton,William Giannini,"Large Cappuccino - 2.45, Regular Iced americano - 2.15, Regular Hot chocolate - 2.20, Regular Espresso - 1.50, Regular Speciality Tea - Earl Grey - 1.30",9.6,CARD,6716816257518040
11/08/2023 14:28,London Brixton,Gene Balzer,"Large Hot chocolate - 2.90, Large Smoothies - Glowing Greens - 2.50, Large Speciality Tea - Earl Grey - 1.60",7.0,CARD,8737291239498250
11/08/2023 14:29,London Brixton,David Hendershot,"Large Iced americano - 2.50, Large Speciality Tea - Earl Grey - 1.60, Large Speciality Tea - Earl Grey - 1.60, Large Hot chocolate - 2.90, Regular Hot chocolate - 2.20",10.8,CARD,1553245132839789
11/08/2023 14:30,London Brixton,Richard Parrow,Large Speciality Tea - Earl Grey - 1.60,1.6,CARD,6019912264740631
11/08/2023 14:31,London Brixton,Cathy Krantz,Regular Hot chocolate - 2.20,2.2,CARD,6272178942150230
11/08/2023 14:32,London Brixton,Jonathan Moran,"Large Frappes - Strawberries & Cream - 3.25, Regular Iced americano - 2.15, Regular Hot chocolate - 2.20",7.6,CARD,8204500234531114
11/08/2023 14:33,London Brixton,Keith Brown,"Large Iced americano - 2.50, Large Smoothies - Glowing Greens - 2.50, Regular Smoothies - Glowing Greens - 2.00",7.0,CASH,
11/08/2023 14:34,London Brixton,Justin Lovisone,"Large Espresso - 1.80, Large Iced americano - 2.50, Large Hot chocolate - 2.90, Regular Hot chocolate - 2.20",9.4,CASH,
11/08/2023 14:35,London Brixton,Maura Tibbert,"Large Iced americano - 2.50, Large Smoothies - Glowing Greens - 2.50, Regular Smoothies - Carrot Kick - 2.00, Large Espresso - 1.80",8.8,CASH,
11/08/2023 14:36,London Brixton,David Rodriguez,"Large Frappes - Strawberries & Cream - 3.25, Regular Iced americano - 2.15, Regular Smoothies - Carrot Kick - 2.00, Large Smoothies - Carrot Kick - 2.50, Regular Frappes - Strawberries & Cream - 2.75",12.65,CARD,3884126863694067
11/08/2023 14:37,London Brixton,Alberto Nogle,"Large Espresso - 1.80, Large Speciality Tea - Earl Grey - 1.60, Large Iced americano - 2.50, Large Iced americano - 2.50, Large Espresso - 1.80",10.2,CARD,7916657840516649
11/08/2023 14:38,London Brixton,Martha Haralson,Large Smoothies - Carrot Kick - 2.50,2.5,CASH,
11/08/2023 14:39,London Brixton,Angela Barnes,"Large Hot chocolate - 2.90, Regular Espresso - 1.50",4.4,CARD,2297676941490237
11/08/2023 14:40,London Brixton,Scott Angle,"Regular Cappuccino - 2.15, Regular Espresso - 1.50, Large Frappes - Strawberries & Cream - 3.25",6.9,CARD,5664854097762257
11/08/2023 14:41,London Brixton,Stephen Moreland,"Large Speciality Tea - Earl Grey - 1.60, Large Smoothies - Glowing Greens - 2.50, Large Smoothies - Carrot Kick - 2.50",6.6,CASH,
11/08/2023 14:42,London Brixton,Sarah Turner,"Large Smoothies - Carrot Kick - 2.50, Regular Iced americano - 2.15",4.65,CARD,1088144137648661
11/08/2023 14:43,London Brixton,Daniel Morales,"Large Espresso - 1.80, Large Iced americano - 2.50",4.3,CARD,9798183367438191
11/08/2023 14:44,London Brixton,James Roy,"Regular Smoothies - Glowing Greens - 2.00, Large Hot chocolate - 2.90, Large Smoothies - Glowing Greens - 2.50, Large Smoothies - Carrot Kick - 2.50, Regular Espresso - 1.50, Regular Cappuccino - 2.15",13.55,CARD,6804710605937454
11/08/2023 14:45,London Brixton,Cindy Morris,"Regular Smoothies - Glowing Greens - 2.00, Large Cappuccino - 2.45",4.45,CASH,
11/08/2023 14:46,London Brixton,Gabriel Lipscomb,"Regular Hot chocolate - 2.20, Regular Speciality Tea - Earl Grey - 1.30, Large Speciality Tea - Earl Grey - 1.60, Regular Hot chocolate - 2.20",7.3,CARD,2358942984906041
11/08/2023 14:47,London Brixton,Felix Kennedy,"Large Iced americano - 2.50, Regular Speciality Tea - Earl Grey - 1.30, Regular Espresso - 1.50, Large Frappes - Strawberries & Cream - 3.25, Regular Smoothies - Carrot Kick - 2.00, Large Cappuccino - 2.45",13.0,CARD,8192631921540615
11/08/2023 14:48,London Brixton,Sarah Beedle,"Large Cappuccino - 2.45, Large Cappuccino - 2.45, Large Speciality Tea - Earl Grey - 1.60",6.5,CASH,
11/08/2023 14:49,London Brixton,Janet Fleury,"Large Smoothies - Glowing Greens - 2.50, Regular Speciality Tea - Earl Grey - 1.30",3.8,CASH,
11/08/2023 14:50,London Brixton,Peter Rogers,Large Iced americano - 2.50,2.5,CARD,3049174735057389
11/08/2023 14:51,London Brixton,Diane Decelle,"Large Speciality Tea - Earl Grey - 1.60, Regular Cappuccino - 2.15, Regular Speciality Tea - Earl Grey - 1.30",5.05,CARD,3733982598682813
11/08/2023 14:52,London Brixton,Mabel Gerhardt,"Regular Frappes - Strawberries & Cream - 2.75, Large Cappuccino - 2.45, Regular Speciality Tea - Earl Grey - 1.30",6.5,CARD,8720088227299108
11/08/2023 14:53,London Brixton,Shirley Cazares,"Large Iced americano - 2.50, Regular Smoothies - Glowing Greens - 2.00",4.5,CARD,5927377792041632
11/08/2023 14:54,London Brixton,Angela Miller,Large Speciality Tea - Earl Grey - 1.60,1.6,CARD,2896896465681295
11/08/2023 14:55,London Brixton,Jean Wilson,"Regular Smoothies - Glowing Greens - 2.00, Regular Cappuccino - 2.15, Large Speciality Tea - Earl Grey - 1.60, Regular Smoothies - Glowing Greens - 2.00",7.75,CARD,4847095394245838
11/08/2023 14:56,London Brixton,Bernard Morgan,"Large Speciality Tea - Earl Grey - 1.60, Large Speciality Tea - Earl Grey - 1.60, Large Hot chocolate - 2.90, Regular Hot chocolate - 2.20, Large Hot chocolate - 2.90",11.2,CARD,8296227996469778
11/08/2023 14:57,London Brixton,Rosella Moldenhauer,"Regular Smoothies - Glowing Greens - 2.00, Regular Smoothies - Glowing Greens - 2.00, Regular Cappuccino - 2.15",6.15,CARD,4902391520335806
11/08/2023 14:58,London Brixton,Grace Leisure,"Regular Smoothies - Carrot Kick - 2.00, Large Espresso - 1.80, Large Smoothies - Carrot Kick - 2.50, Large Espresso - 1.80, Regular Smoothies - Glowing Greens - 2.00, Regular Cappuccino - 2.15",12.25,CARD,2562424528632856
11/08/2023 14:59,London Brixton,Viola Thompson,"Large Smoothies - Glowing Greens - 2.50, Regular Smoothies - Glowing Greens - 2.00",4.5,CASH,
11/08/2023 15:00,London Brixton,Heather Kuehne,"Regular Iced americano - 2.15, Large Smoothies - Carrot Kick - 2.50",4.65,CARD,2613453214472776
11/08/2023 15:02,London Brixton,Lee White,"Large Cappuccino - 2.45, Large Smoothies - Carrot Kick - 2.50, Regular Smoothies - Carrot Kick - 2.00",6.95,CASH,
11/08/2023 15:03,London Brixton,Agnes Moon,"Regular Speciality Tea - Earl Grey - 1.30, Large Smoothies - Glowing Greens - 2.50, Regular Smoothies - Glowing Greens - 2.00, Large Smoothies - Carrot Kick - 2.50, Large Cappuccino - 2.45",10.75,CARD,1977560629340009
11/08/2023 15:05,London Brixton,David Fane,Regular Espresso - 1.50,1.5,CARD,6001436162388275
11/08/2023 15:07,London Brixton,Guadalupe Dorf,"Large Cappuccino - 2.45, Large Smoothies - Carrot Kick - 2.50",4.95,CARD,2282553972251716
11/08/2023 15:08,London Brixton,Dinah Valine,"Regular Speciality Tea - Earl Grey - 1.30, Regular Smoothies - Carrot Kick - 2.00",3.3,CASH,
11/08/2023 15:10,London Brixton,Daniel Rosa,Large Iced americano - 2.50,2.5,CASH,
11/08/2023 15:12,London Brixton,Bonnie Muniz,Regular Speciality Tea - Earl Grey - 1.30,1.3,CARD,4546714962367567
11/08/2023 15:13,London Brixton,Amy Foster,"Regular Speciality Tea - Earl Grey - 1.30, Large Iced americano - 2.50",3.8,CARD,3432534154733085
11/08/2023 15:15,London Brixton,Ruby Gause,"Regular Smoothies - Glowing Greens - 2.00, Large Espresso - 1.80, Regular Hot chocolate - 2.20",6.0,CARD,9127974674374218
11/08/2023 15:17,London Brixton,Gwen Mccoy,Large Smoothies - Carrot Kick - 2.50,2.5,CARD,8250398924090179
11/08/2023 15:19,London Brixton,Lenora Ramirez,"Large Frappes - Strawberries & Cream - 3.25, Large Speciality Tea - Earl Grey - 1.60, Large Iced americano - 2.50, Large Iced americano - 2.50",9.85,CARD,2118618111909907
11/08/2023 15:20,London Brixton,Brittany Perkins,"Regular Smoothies - Glowing Greens - 2.00, Regular Smoothies - Glowing Greens - 2.00",4.0,CARD,1572018785947160
11/08/2023 15:22,London Brixton,Cassandra Born,"Regular Speciality Tea - Earl Grey - 1.30, Regular Speciality Tea - Earl Grey - 1.30, Large Smoothies - Carrot Kick - 2.50, Regular Smoothies - Carrot Kick - 2.00, Large Smoothies - Glowing Greens - 2.50",9.6,CARD,8705036348634228
11/08/2023 15:24,London Brixton,Lisa Lawing,"Regular Frappes - Strawberries & Cream - 2.75, Large Iced americano - 2.50",5.25,CARD,1073597016972224
11/08/2023 15:25,London Brixton,Delbert Smith,"Regular Speciality Tea - Earl Grey - 1.30, Regular Smoothies - Glowing Greens - 2.00, Large Espresso - 1.80, Regular Iced americano - 2.15, Regular Iced americano - 2.15",9.4,CASH,
11/08/2023 15:27,London Brixton,Scott Maybury,"Regular Hot chocolate - 2.20, Regular Hot chocolate - 2.20, Large Speciality Tea - Earl Grey - 1.60, Large Speciality Tea - Earl Grey - 1.60, Large Hot chocolate - 2.90",10.5,CARD,8689441742316936
11/08/2023 15:29,London Brixton,Virginia Spurlock,"Large Frappes - Strawberries & Cream - 3.25, Regular Smoothies - Carrot Kick - 2.00, Large Speciality Tea - Earl Grey - 1.60, Regular Cappuccino - 2.15",9.0,CASH,
11/08/2023 15:31,London Brixton,Donna Tharrington,Large Iced americano - 2.50,2.5,CARD,4358284268931765
11/08/2023 15:32,London Brixton,Bernice Perkins,"Large Iced americano - 2.50, Large Iced americano - 2.50, Regular Cappuccino - 2.15",7.15,CARD,5849459731375115
11/08/2023 15:34,London Brixton,Raymond Sampson,"Regular Smoothies - Glowing Greens - 2.00, Large Iced americano - 2.50, Large Cappuccino - 2.45, Regular Smoothies - Glowing Greens - 2.00",8.95,CARD,6907152286691041
11/08/2023 15:36,London Brixton,Amanda Elias,"Large Hot chocolate - 2.90, Regular Espresso - 1.50, Large Iced americano - 2.50, Large Cappuccino - 2.45, Large Frappes - Strawberries & Cream - 3.25",12.6,CARD,5665174014698430
11/08/2023 15:37,London Brixton,Richard Brown,"Regular Smoothies - Carrot Kick - 2.00, Large Hot chocolate - 2.90, Large Smoothies - Glowing Greens - 2.50, Regular Espresso - 1.50",8.9,CARD,1674612291177895
11/08/2023 15:39,London Brixton,Yvonne Hargenrader,Regular Smoothies - Carrot Kick - 2.00,2.0,CARD,4796252296361924
11/08/2023 15:41,London Brixton,Kathy Lorenzo,Large Smoothies - Carrot Kick - 2.50,2.5,CARD,7110896746381661
11/08/2023 15:42,London Brixton,Helen Mcneill,"Large Espresso - 1.80, Regular Espresso - 1.50, Large Iced americano - 2.50, Regular Smoothies - Carrot Kick - 2.00, Regular Smoothies - Carrot Kick - 2.00",9.8,CARD,4132897487846037
11/08/2023 15:44,London Brixton,Shannon Barshaw,Regular Iced americano - 2.15,2.15,CARD,6205726708276940
11/08/2023 15:46,London Brixton,Daniel Collins,Large Speciality Tea - Earl Grey - 1.60,1.6,CARD,3392560740608818
11/08/2023 15:48,London Brixton,David Armes,"Large Iced americano - 2.50, Large Espresso - 1.80",4.3,CASH,
11/08/2023 15:49,London Brixton,Guy Anderson,"Large Iced americano - 2.50, Large Frappes - Strawberries & Cream - 3.25, Large Smoothies - Carrot Kick - 2.50, Large Hot chocolate - 2.90",11.15,CARD,5559699972722364
11/08/2023 15:51,London Brixton,Judy Rogers,"Regular Hot chocolate - 2.20, Regular Frappes - Strawberries & Cream - 2.75, Regular Speciality Tea - Earl Grey - 1.30, Regular Cappuccino - 2.15",8.4,CARD,1311353979118141
11/08/2023 15:53,London Brixton,Nelly Nelms,"Large Speciality Tea - Earl Grey - 1.60, Large Iced americano - 2.50, Large Frappes - Strawberries & Cream - 3.25",7.35,CARD,1139406070901424
11/08/2023 15:54,London Brixton,Louise Walker,"Large Hot chocolate - 2.90, Regular Smoothies - Carrot Kick - 2.00, Large Iced americano - 2.50",7.4,CARD,6877382585392045
11/08/2023 15:56,London Brixton,Marvin Williams,Regular Smoothies - Carrot Kick - 2.00,2.0,CASH,
11/08/2023 15:58,London Brixton,Shelley Butler,Large Cappuccino - 2.45,2.45,CASH,
11/08/2023 16:00,London Brixton,Charles Larson,"Regular Smoothies - Carrot Kick - 2.00, Regular Iced americano - 2.15, Regular Speciality Tea - Earl Grey - 1.30, Large Smoothies - Glowing Greens - 2.50",7.95,CARD,2147531430214286
11/08/2023 16:03,London Brixton,Gerald Miller,"Regular Speciality Tea - Earl Grey - 1.30, Regular Smoothies - Glowing Greens - 2.00",3.3,CASH,
11/08/2023 16:06,London Brixton,Carlos Duncan,"Regular Smoothies - Glowing Greens - 2.00, Large Hot chocolate - 2.90",4.9,CASH,
11/08/2023 16:09,London Brixton,Kirk Roberts,Large Speciality Tea - Earl Grey - 1.60,1.6,CARD,7208972049792022
11/08/2023 16:12,London Brixton,John Sobieski,"Large Hot chocolate - 2.90, Large Espresso - 1.80",4.7,CARD,4824247482313585
11/08/2023 16:15,London Brixton,Alicia Hewett,"Regular Speciality Tea - Earl Grey - 1.30, Regular Speciality Tea - Earl Grey - 1.30, Regular Smoothies - Glowing Greens - 2.00",4.6,CARD,4009451128744133
11/08/2023 16:18,London Brixton,John Bennett,Regular Iced americano - 2.15,2.15,CARD,5438630292488808
11/08/2023 16:22,London Brixton,Pearl Abrams,"Large Smoothies - Glowing Greens - 2.50, Regular Espresso - 1.50, Large Hot chocolate - 2.90",6.9,CARD,2682454758985868
11/08/2023 16:25,London Brixton,Gloria Alexander,"Large Smoothies - Glowing Greens - 2.50, Large Cappuccino - 2.45",4.95,CARD,3961141746082144
11/08/2023 16:28,London Brixton,Sondra Cardello,"Large Iced americano - 2.50, Regular Smoothies - Carrot Kick - 2.00, Regular Iced americano - 2.15, Regular Frappes - Strawberries & Cream - 2.75, Large Espresso - 1.80, Regular Iced americano - 2.15",13.35,CARD,4612026645062154
11/08/2023 16:31,London Brixton,Steve Miracle,"Large Iced americano - 2.50, Regular Hot chocolate - 2.20",4.7,CARD,3916275501930356
11/08/2023 16:34,London Brixton,Debbie Caruso,Regular Frappes - Strawberries & Cream - 2.75,2.75,CARD,5767329525274470
11/08/2023 16:37,London Brixton,Dona Hemphill,"Regular Smoothies - Glowing Greens - 2.00, Large Speciality Tea - Earl Grey - 1.60",3.6,CASH,
11/08/2023 16:40,London Brixton,William Hawkes,"Large Hot chocolate - 2.90, Large Smoothies - Carrot Kick - 2.50, Large Hot chocolate - 2.90, Large Hot chocolate - 2.90, Regular Iced americano - 2.15",13.35,CARD,4539295475434922
11/08/2023 16:44,London Brixton,Peter White,Regular Smoothies - Glowing Greens - 2.00,2.0,CASH,
11/08/2023 16:47,London Brixton,Virginia Richardson,Large Espresso - 1.80,1.8,CARD,2452280137730162
11/08/2023 16:50,London Brixton,Geoffrey Fries,"Large Espresso - 1.80, Regular Frappes - Strawberries & Cream - 2.75, Large Speciality Tea - Earl Grey - 1.60, Regular Cappuccino - 2.15",8.3,CARD,2159741329822558
11/08/2023 16:53,London Brixton,Susan Kofford,Regular Smoothies - Glowing Greens - 2.00,2.0,CARD,7260682026885563
11/08/2023 16:56,London Brixton,James Ryder,"Regular Smoothies - Glowing Greens - 2.00, Regular Cappuccino - 2.15, Large Smoothies - Glowing Greens - 2.50, Large Iced americano - 2.50",9.15,CASH,
11/08/2023 16:59,London Brixton,Mary Westmoreland,"Regular Hot chocolate - 2.20, Regular Espresso - 1.50",3.7,CARD,3733234475743163
11/08/2023 17:03,London Brixton,Sybil Hulsey,"Regular Smoothies - Carrot Kick - 2.00, Large Speciality Tea - Earl Grey - 1.60",3.6,CARD,1940686282341408
11/08/2023 17:05,London Brixton,Richard Saavedra,"Regular Smoothies - Glowing Greens - 2.00, Large Frappes - Strawberries & Cream - 3.25, Large Smoothies - Glowing Greens - 2.50, Large Smoothies - Glowing Greens - 2.50",10.25,CASH,
11/08/2023 17:07,London Brixton,Monte Shirley,"Large Cappuccino - 2.45, Large Iced americano - 2.50",4.95,CASH,
11/08/2023 17:10,London Brixton,Robert Mangano,"Large Espresso - 1.80, Large Espresso - 1.80, Regular Espresso - 1.50",5.1,CASH,
11/08/2023 17:12,London Brixton,Donald Medrano,Regular Iced americano - 2.15,2.15,CARD,8863103749073121
11/08/2023 17:15,London Brixton,Leo Vivier,Large Cappuccino - 2.45,2.45,CARD,3190014344403539
11/08/2023 17:17,London Brixton,Norma Walton,"Regular Cappuccino - 2.15, Large Espresso - 1.80, Large Cappuccino - 2.45",6.4,CARD,2312327388543871
11/08/2023 17:19,London Brixton,Carol Averill,"Regular Espresso - 1.50, Large Espresso - 1.80, Regular Cappuccino - 2.15, Large Speciality Tea - Earl Grey - 1.60",7.05,CARD,3961277664444627
11/08/2023 17:22,London Brixton,Ronald Witherspoon,"Large Speciality Tea - Earl Grey - 1.60, Regular Hot chocolate - 2.20, Regular Iced americano - 2.15, Large Iced americano - 2.50, Large Iced americano - 2.50",10.95,CARD,8101338709916695
11/08/2023 17:24,London Brixton,Cory Thatcher,"Large Speciality Tea - Earl Grey - 1.60, Regular Smoothies - Carrot Kick - 2.00, Large Espresso - 1.80, Regular Speciality Tea - Earl Grey - 1.30, Large Speciality Tea - Earl Grey - 1.60",8.3,CASH,
11/08/2023 17:27,London Brixton,Teresa Ferris,"Regular Smoothies - Carrot Kick - 2.00, Large Smoothies - Carrot Kick - 2.50, Regular Iced americano - 2.15",6.65,CARD,9369242907506868
11/08/2023 17:29,London Brixton,Luis Ogawa,Large Cappuccino - 2.45,2.45,CARD,7105658764878828
11/08/2023 17:31,London Brixton,Diane Erlandson,Large Smoothies - Carrot Kick - 2.50,2.5,CARD,8706999522109081
11/08/2023 17:34,London Brixton,Ramon Smith,"Large Hot chocolate - 2.90, Regular Smoothies - Glowing Greens - 2.00",4.9,CARD,1696337935396538
11/08/2023 17:36,London Brixton,Antonia Pleasanton,"Regular Iced americano - 2.15, Regular Hot chocolate - 2.20, Large Smoothies - Glowing Greens - 2.50, Regular Smoothies - Carrot Kick - 2.00",8.85,CARD,2331174057123098
11/08/2023 17:39,London Brixton,Leon Clark,"Regular Espresso - 1.50, Large Smoothies - Glowing Greens - 2.50",4.0,CARD,3045986765322179
11/08/2023 17:41,London Brixton,Mary Downing,Regular Iced americano - 2.15,2.15,CASH,
11/08/2023 17:43,London Brixton,Willie Choate,"Regular Hot chocolate - 2.20, Large Frappes - Strawberries & Cream - 3.25, Regular Iced americano - 2.15",7.6,CARD,1928302035392357
11/08/2023 17:46,London Brixton,Jose Cortez,Regular Espresso - 1.50,1.5,CARD,1155264736432465
11/08/2023 17:48,London Brixton,Samuel Resendiz,"Regular Espresso - 1.50, Regular Espresso - 1.50",3.0,CARD,1217903655980286
11/08/2023 17:51,London Brixton,Frank Caouette,"Regular Speciality Tea - Earl Grey - 1.30, Regular Frappes - Strawberries & Cream - 2.75, Large Iced americano - 2.50, Regular Cappuccino - 2.15, Regular Speciality Tea - Earl Grey - 1.30, Large Smoothies - Glowing Greens - 2.50",12.5,CARD,1798529475412547
11/08/2023 17:53,London Brixton,David Bragg,"Large Espresso - 1.80, Large Iced americano - 2.50",4.3,CARD,3890787366321226
11/08/2023 17:55,London Brixton,Victor Quarles,"Regular Frappes - Strawberries & Cream - 2.75, Large Smoothies - Glowing Greens - 2.50, Regular Hot chocolate - 2.20, Regular Hot chocolate - 2.20, Large Iced americano - 2.50",12.15,CARD,3231941690328207
11/08/2023 17:58,London Brixton,Betty Denney,Large Smoothies - Glowing Greens - 2.50,2.5,CARD,8422522869649392
11/08/2023 18:00,London Brixton,Nathanial Lauricella,"Large Hot chocolate - 2.90, Large Cappuccino - 2.45, Regular Smoothies - Glowing Greens - 2.00, Large Smoothies - Carrot Kick - 2.50",9.85,CARD,4361508210833834
11/08/2023 18:02,London Brixton,Lewis Price,"Regular Smoothies - Glowing Greens - 2.00, Large Speciality Tea - Earl Grey - 1.60",3.6,CARD,3125417918764451
11/08/2023 18:04,London Brixton,Jessica Thompson,"Large Smoothies - Glowing Greens - 2.50, Large Hot chocolate - 2.90, Regular Iced americano - 2.15, Regular Frappes - Strawberries & Cream - 2.75, Large Espresso - 1.80, Large Smoothies - Glowing Greens - 2.50",14.6,CARD,4311599134159750
11/08/2023 18:07,London Brixton,Josephine Konopka,"Regular Speciality Tea - Earl Grey - 1.30, Large Smoothies - Glowing Greens - 2.50, Regular Hot chocolate - 2.20, Large Speciality Tea - Earl Grey - 1.60, Regular Speciality Tea - Earl Grey - 1.30",8.9,CASH,
11/08/2023 18:09,London Brixton,Joanne Jensen,"Large Frappes - Strawberries & Cream - 3.25, Regular Cappuccino - 2.15",5.4,CARD,1899441500777388
11/08/2023 18:11,London Brixton,Ron Dickerson,"Large Espresso - 1.80, Large Espresso - 1.80",3.6,CARD,7672680182698669
11/08/2023 18:13,London Brixton,Steven Newman,Large Iced americano - 2.50,2.5,CASH,
11/08/2023 18:15,London Brixton,Cheryl Moyer,Large Hot chocolate - 2.90,2.9,CARD,9236906193392248
11/08/2023 18:17,London Brixton,Elizabeth Peabody,"Regular Cappuccino - 2.15, Regular Speciality Tea - Earl Grey - 1.30",3.45,CARD,9935819298565776
11/08/2023 18:19,London Brixton,John Kuhn,"Regular Speciality Tea - Earl Grey - 1.30, Large Cappuccino - 2.45",3.75,CARD,5106966632380077
11/08/2023 18:21,London Brixton,Jacqueline Solorio,"Regular Hot chocolate - 2.20, Large Iced americano - 2.50",4.7,CASH,
11/08/2023 18:24,London Brixton,Elias Adams,"Regular Espresso - 1.50, Regular Smoothies - Glowing Greens - 2.00, Regular Espresso - 1.50, Regular Smoothies - Carrot Kick - 2.00, Large Speciality Tea - Earl Grey - 1.60",8.6,CARD,5002178919233043
11/08/2023 18:26,London Brixton,Jeffrey Mickey,"Regular Espresso - 1.50, Large Iced americano - 2.50",4.0,CARD,4691458573718185
11/08/2023 18:28,London Brixton,Ervin Brown,"Large Espresso - 1.80, Regular Frappes - Strawberries & Cream - 2.75",4.55,CARD,4866101224667660
11/08/2023 18:30,London Brixton,Robin Hoffman,"Large Speciality Tea - Earl Grey - 1.60, Regular Frappes - Strawberries & Cream - 2.75, Regular Smoothies - Carrot Kick - 2.00, Large Speciality Tea - Earl Grey - 1.60",7.95,CASH,
11/08/2023 18:32,London Brixton,Terrence Garcia,Large Cappuccino - 2.45,2.45,CARD,8560682889482595
11/08/2023 18:34,London Brixton,Francis Castellanos,Regular Iced americano - 2.15,2.15,CARD,6069927245061115
11/08/2023 18:36,London Brixton,James Fanelli,"Regular Cappuccino - 2.15, Large Speciality Tea - Earl Grey - 1.60",3.75,CARD,6436305170823172
11/08/2023 18:39,London Brixton,Joe Walter,"Large Smoothies - Glowing Greens - 2.50, Regular Speciality Tea - Earl Grey - 1.30, Regular Smoothies - Glowing Greens - 2.00, Large Speciality Tea - Earl Grey - 1.60, Regular Frappes - Strawberries & Cream - 2.75, Regular Hot chocolate - 2.20",12.35,CARD,4920977115139859
11/08/2023 18:41,London Brixton,Nancy Levites,"Large Frappes - Strawberries & Cream - 3.25, Large Cappuccino - 2.45, Large Smoothies - Carrot Kick - 2.50, Large Iced americano - 2.50, Large Cappuccino - 2.45",13.15,CASH,
11/08/2023 18:43,London Brixton,Floyd Avery,"Regular Iced americano - 2.15, Large Frappes - Strawberries & Cream - 3.25, Regular Speciality Tea - Earl Grey - 1.30",6.7,CASH,
11/08/2023 18:45,London Brixton,John Walker,"Regular Hot chocolate - 2.20, Regular Iced americano - 2.15",4.35,CARD,8451711180993401
11/08/2023 18:47,London Brixton,Martin Marren,"Regular Speciality Tea - Earl Grey - 1.30, Regular Frappes - Strawberries & Cream - 2.75",4.05,CARD,7857549204912014
11/08/2023 18:49,London Brixton,Virginia Todd,Regular Cappuccino - 2.15,2.15,CASH,
11/08/2023 18:51,London Brixton,Peter Arsenault,"Regular Iced americano - 2.15, Large Iced americano - 2.50",4.65,CASH,
11/08/2023 18:53,London Brixton,Lester Stone,"Regular Speciality Tea - Earl Grey - 1.30, Regular Frappes - Strawberries & Cream - 2.75, Regular Speciality Tea - Earl Grey - 1.30, Large Hot chocolate - 2.90, Large Speciality Tea - Earl Grey - 1.60",9.85,CARD,8917776272209358
11/08/2023 18:56,London Brixton,Joel Bradley,"Regular Hot chocolate - 2.20, Large Speciality Tea - Earl Grey - 1.60, Large Frappes - Strawberries & Cream - 3.25, Regular Frappes - Strawberries & Cream - 2.75, Large Speciality Tea - Earl Grey - 1.60",11.4,CASH,
11/08/2023 18:58,London Brixton,Martha Case,"Regular Hot chocolate - 2.20, Large Iced americano - 2.50, Large Speciality Tea - Earl Grey - 1.60, Large Cappuccino - 2.45",8.75,CARD,7548564815850051
11/08/2023 19:00,London Brixton,Evan Johnson,"Large Frappes - Strawberries & Cream - 3.25, Large Smoothies - Carrot Kick - 2.50, Large Frappes - Strawberries & Cream - 3.25, Regular Iced americano - 2.15, Regular Espresso - 1.50",12.65,CASH,
11/08/2023 19:01,London Brixton,Jill Smith,Regular Speciality Tea - Earl Grey - 1.30,1.3,CARD,9968894250452897
11/08/2023 19:03,London Brixton,Oleta Davis,Large Smoothies - Glowing Greens - 2.50,2.5,CARD,6468914357152934
11/08/2023 19:04,London Brixton,Parker Johns,"Large Frappes - Strawberries & Cream - 3.25, Regular Smoothies - Carrot Kick - 2.00, Large Iced americano - 2.50, Regular Speciality Tea - Earl Grey - 1.30",9.05,CARD,6918781097886674
11/08/2023 19:05,London Brixton,Bernice Calvery,"Regular Speciality Tea - Earl Grey - 1.30, Large Iced americano - 2.50, Large Hot chocolate - 2.90, Large Speciality Tea - Earl Grey - 1.60",8.3,CARD,4858280273154605
11/08/2023 19:07,London Brixton,Melissa Staples,"Regular Iced americano - 2.15, Regular Smoothies - Carrot Kick - 2.00",4.15,CARD,2980778935787211
11/08/2023 19:08,London Brixton,Nancy Britt,"Large Espresso - 1.80, Large Frappes - Strawberries & Cream - 3.25",5.05,CARD,1686088450129955
11/08/2023 19:09,London Brixton,Kathleen Farr,"Large Speciality Tea - Earl Grey - 1.60, Regular Speciality Tea - Earl Grey - 1.30",2.9,CARD,7810594224017811
11/08/2023 19:11,London Brixton,Shannon Young,"Large Smoothies - Carrot Kick - 2.50, Large Iced americano - 2.50, Large Iced americano - 2.50, Regular Iced americano - 2.15",9.65,CARD,5160224434232754
11/08/2023 19:12,London Brixton,Jennifer Yu,Large Speciality Tea - Earl Grey - 1.60,1.6,CARD,3290927856778770
11/08/2023 19:13,London Brixton,Stacey Salter,"Large Speciality Tea - Earl Grey - 1.60, Large Iced americano - 2.50",4.1,CARD,4603908077133775
11/08/2023 19:15,London Brixton,David Bivins,Regular Smoothies - Carrot Kick - 2.00,2.0,CARD,3093024823280343
11/08/2023 19:16,London Brixton,Nancy Christofferso,"Regular Speciality Tea - Earl Grey - 1.30, Large Iced americano - 2.50",3.8,CASH,
11/08/2023 19:17,London Brixton,Eleanor Buck,Regular Smoothies - Glowing Greens - 2.00,2.0,CARD,2551046743659342
11/08/2023 19:19,London Brixton,Holly Wilkinson,"Large Speciality Tea - Earl Grey - 1.60, Regular Smoothies - Glowing Greens - 2.00, Regular Espresso - 1.50, Large Espresso - 1.80, Large Espresso - 1.80",8.7,CARD,5104764541009472
11/08/2023 19:20,London Brixton,William Skinner,"Large Espresso - 1.80, Large Iced americano - 2.50",4.3,CARD,6479881449193601
11/08/2023 19:21,London Brixton,Kylie Bomar,"Large Smoothies - Carrot Kick - 2.50, Large Speciality Tea - Earl Grey - 1.60",4.1,CARD,7945080154431102
11/08/2023 19:23,London Brixton,Steven Lowell,"Regular Cappuccino - 2.15, Large Speciality Tea - Earl Grey - 1.60, Regular Hot chocolate - 2.20",5.95,CASH,
11/08/2023 19:24,London Brixton,Cristina Collins,"Regular Hot chocolate - 2.20, Regular Speciality Tea - Earl Grey - 1.30, Regular Cappuccino - 2.15, Regular Smoothies - Carrot Kick - 2.00",7.65,CASH,
11/08/2023 19:26,London Brixton,George Frierson,"Large Espresso - 1.80, Regular Smoothies - Glowing Greens - 2.00, Large Speciality Tea - Earl Grey - 1.60, Regular Hot chocolate - 2.20",7.6,CARD,7915640814753301
11/08/2023 19:27,London Brixton,Keith Mastroianni,Large Frappes - Strawberries & Cream - 3.25,3.25,CARD,3467456380208310
11/08/2023 19:28,London Brixton,Walter Boulware,Regular Cappuccino - 2.15,2.15,CARD,8918155440251283
11/08/2023 19:30,London Brixton,Alice Hodgson,Large Frappes - Strawberries & Cream - 3.25,3.25,CARD,5103901471839816
11/08/2023 19:31,London Brixton,Karen Montello,Regular Espresso - 1.50,1.5,CARD,9380034573650104
11/08/2023 19:32,London Brixton,Effie Fritter,Large Frappes - Strawberries & Cream - 3.25,3.25,CASH,
11/08/2023 19:34,London Brixton,William Sowinski,"Large Espresso - 1.80, Large Speciality Tea - Earl Grey - 1.60",3.4,CASH,
11/08/2023 19:35,London Brixton,Sean Hollins,"Regular Smoothies - Carrot Kick - 2.00, Regular Speciality Tea - Earl Grey - 1.30, Large Smoothies - Carrot Kick - 2.50, Large Smoothies - Glowing Greens - 2.50, Large Cappuccino - 2.45, Large Iced americano - 2.50",13.25,CARD,3991182720137245
11/08/2023 19:36,London Brixton,Tami Moore,"Regular Hot chocolate - 2.20, Large Espresso - 1.80, Regular Frappes - Strawberries & Cream - 2.75, Large Smoothies - Glowing Greens - 2.50",9.25,CARD,8302433385671832
11/08/2023 19:38,London Brixton,Harry Gibbs,"Large Frappes - Strawberries & Cream - 3.25, Regular Hot chocolate - 2.20, Regular Iced americano - 2.15",7.6,CARD,8686125289754201
11/08/2023 19:39,London Brixton,Gertrude Walker,"Regular Iced americano - 2.15, Regular Hot chocolate - 2.20, Regular Iced americano - 2.15, Large Hot chocolate - 2.90",9.4,CARD,5608060496955123
11/08/2023 19:40,London Brixton,Dorthy Garcia,"Large Frappes - Strawberries & Cream - 3.25, Regular Cappuccino - 2.15, Regular Smoothies - Glowing Greens - 2.00",7.4,CARD,2705622373594200
11/08/2023 19:42,London Brixton,Anthony Williamson,"Large Iced americano - 2.50, Regular Cappuccino - 2.15, Regular Hot chocolate - 2.20, Large Cappuccino - 2.45",9.3,CASH,
11/08/2023 19:43,London Brixton,Sheryl Davis,"Regular Smoothies - Carrot Kick - 2.00, Large Hot chocolate - 2.90, Large Iced americano - 2.50",7.4,CARD,2731925968360531
11/08/2023 19:44,London Brixton,John Weaver,"Large Hot chocolate - 2.90, Regular Smoothies - Carrot Kick - 2.00",4.9,CARD,9035061546357109
11/08/2023 19:46,London Brixton,Charlene Miranda,"Large Smoothies - Carrot Kick - 2.50, Regular Frappes - Strawberries & Cream - 2.75, Large Speciality Tea - Earl Grey - 1.60",6.85,CARD,5192099119536862
11/08/2023 19:47,London Brixton,Lakesha Henry,"Regular Espresso - 1.50, Large Hot chocolate - 2.90",4.4,CASH,
11/08/2023 19:48,London Brixton,Linda Biggs,Regular Espresso - 1.50,1.5,CARD,9732565543687969
11/08/2023 19:50,London Brixton,Jacob Finley,"Regular Smoothies - Carrot Kick - 2.00, Large Iced americano - 2.50",4.5,CARD,3063816392704150
11/08/2023 19:51,London Brixton,Melanie Tarbox,"Regular Frappes - Strawberries & Cream - 2.75, Regular Cappuccino - 2.15",4.9,CARD,7154288041487170
11/08/2023 19:53,London Brixton,Lauran Marthe,"Large Cappuccino - 2.45, Large Smoothies - Glowing Greens - 2.50, Regular Cappuccino - 2.15, Regular Espresso - 1.50",8.6,CARD,4296772771447705
11/08/2023 19:54,London Brixton,Mark Sobers,Regular Iced americano - 2.15,2.15,CARD,8958347972027220
11/08/2023 19:55,London Brixton,Mazie Martin,"Large Smoothies - Glowing Greens - 2.50, Large Cappuccino - 2.45",4.95,CASH,
11/08/2023 19:57,London Brixton,Shaniqua Desrosier,"Regular Speciality Tea - Earl Grey - 1.30, Large Espresso - 1.80, Regular Frappes - Strawberries & Cream - 2.75, Regular Hot chocolate - 2.20, Regular Hot chocolate - 2.20",10.25,CARD,4924690207731123
11/08/2023 19:58,London Brixton,Betty Richter,"Regular Speciality Tea - Earl Grey - 1.30, Regular Hot chocolate - 2.20",3.5,CASH,
11/08/2023 19:59,London Brixton,Dennis Hughes,"Regular Espresso - 1.50, Regular Cappuccino - 2.15, Regular Speciality Tea - Earl Grey - 1.30, Large Smoothies - Glowing Greens - 2.50, Regular Cappuccino - 2.15",9.6,CASH,
11/08/2023 20:01,London Brixton,Michael Bearden,"Regular Iced americano - 2.15, Large Speciality Tea - Earl Grey - 1.60",3.75,CARD,2723439876377546
11/08/2023 20:03,London Brixton,Joanna Moore,Regular Frappes - Strawberries & Cream - 2.75,2.75,CASH,
11/08/2023 20:05,London Brixton,Mark Mcneill,"Regular Cappuccino - 2.15, Regular Cappuccino - 2.15",4.3,CARD,5636568388974871
11/08/2023 20:08,London Brixton,Margarete Figueroa,"Regular Iced americano - 2.15, Large Speciality Tea - Earl Grey - 1.60, Large Speciality Tea - Earl Grey - 1.60, Regular Smoothies - Carrot Kick - 2.00",7.35,CASH,
11/08/2023 20:10,London Brixton,Melissa Ryan,"Large Cappuccino - 2.45, Regular Frappes - Strawberries & Cream - 2.75, Regular Smoothies - Carrot Kick - 2.00, Regular Hot chocolate - 2.20",9.4,CARD,5790469097269336
11/08/2023 20:13,London Brixton,Ronald Dehart,"Large Espresso - 1.80, Regular Cappuccino - 2.15, Large Iced americano - 2.50, Large Hot chocolate - 2.90, Regular Hot chocolate - 2.20",11.55,CARD,5288383378796747
11/08/2023 20:15,London Brixton,Jordan Esskew,"Large Smoothies - Carrot Kick - 2.50, Regular Frappes - Strawberries & Cream - 2.75, Large Iced americano - 2.50",7.75,CARD,5580653333509480
11/08/2023 20:17,London Brixton,Lucy Gould,Regular Hot chocolate - 2.20,2.2,CARD,3503361887547399
11/08/2023 20:20,London Brixton,Richard Parker,Large Cappuccino - 2.45,2.45,CARD,7375662045415811
11/08/2023 20:22,London Brixton,Terrance Battson,Large Speciality Tea - Earl Grey - 1.60,1.6,CARD,5787813039730443
11/08/2023 20:25,London Brixton,Carole Lambertson,"Large Cappuccino - 2.45, Large Hot chocolate - 2.90, Large Hot chocolate - 2.90, Regular Smoothies - Glowing Greens - 2.00",10.25,CARD,1028407735042969
11/08/2023 20:27,London Brixton,Jonathan Przygocki,"Large Speciality Tea - Earl Grey - 1.60, Large Speciality Tea - Earl Grey - 1.60",3.2,CARD,7758729220382828
11/08/2023 20:29,London Brixton,Carol Robichaud,"Large Speciality Tea - Earl Grey - 1.60, Large Smoothies - Glowing Greens - 2.50",4.1,CARD,7582849310347313
11/08/2023 20:32,London Brixton,Veronica Sanchez,"Large Hot chocolate - 2.90, Regular Smoothies - Carrot Kick - 2.00, Large Smoothies - Carrot Kick - 2.50",7.4,CARD,4451486764044776
11/08/2023 20:34,London Brixton,Robert Parks,"Large Speciality Tea - Earl Grey - 1.60, Large Iced americano - 2.50, Large Hot chocolate - 2.90, Regular Speciality Tea - Earl Grey - 1.30, Regular Iced americano - 2.15",10.45,CARD,4875518995506054
11/08/2023 20:37,London Brixton,Golda Pruett,"Regular Smoothies - Carrot Kick - 2.00, Large Iced americano - 2.50",4.5,CASH,
11/08/2023 20:39,London Brixton,Corey Parker,"Regular Speciality Tea - Earl Grey - 1.30, Regular Hot chocolate - 2.20, Regular Speciality Tea - Earl Grey - 1.30, Regular Smoothies - Carrot Kick - 2.00",6.8,CASH,
11/08/2023 20:41,London Brixton,Elisa Russell,"Regular Hot chocolate - 2.20, Large Hot chocolate - 2.90, Large Speciality Tea - Earl Grey - 1.60, Large Iced americano - 2.50",9.2,CARD,8445501852276278
11/08/2023 20:44,London Brixton,William Talamo,Large Espresso - 1.80,1.8,CARD,6131444865279477
11/08/2023 20:46,London Brixton,Arthur Kemnitz,"Regular Cappuccino - 2.15, Large Speciality Tea - Earl Grey - 1.60, Large Iced americano - 2.50",6.25,CASH,
11/08/2023 20:49,London Brixton,Mark Bond,"Large Espresso - 1.80, Regular Frappes - Strawberries & Cream - 2.75, Regular Smoothies - Carrot Kick - 2.00, Large Cappuccino - 2.45",9.0,CARD,5186809581852903
11/08/2023 20:51,London Brixton,John Pratt,"Regular Smoothies - Glowing Greens - 2.00, Regular Espresso - 1.50",3.5,CARD,5681256073582683
11/08/2023 20:53,London Brixton,John Eisner,Large Smoothies - Glowing Greens - 2.50,2.5,CARD,7294443030283136
11/08/2023 20:56,London Brixton,Jessica Dang,"Regular Frappes - Strawberries & Cream - 2.75, Regular Cappuccino - 2.15, Large Smoothies - Glowing Greens - 2.50, Regular Cappuccino - 2.15, Large Speciality Tea - Earl Grey - 1.60, Large Espresso - 1.80",12.95,CARD,4529598301775009
11/08/2023 20:58,London Brixton,William Villarreal,Large Frappes - Strawberries & Cream - 3.25,3.25,CASH,
